key;type;character;meaning;image;onyomi;kunyomi;important_reading;kana;level
k_上;kanji;上;above, up, over;;じょう;うえ, あ, のぼ, うわ, かみ;onyomi;;1
k_月;kanji;月;moon, month;;げつ, がつ;つき;onyomi;;2
k_堪;kanji;堪;endure;;かん, たん;こら, こた, た;kunyomi;;59
k_色;kanji;色;color;;しき, しょく;いろ;kunyomi;;5
k_口;kanji;口;mouth;;こう, く;くち;onyomi;;1
k_体;kanji;体;body;;たい;からだ;onyomi;;5
k_甚;kanji;甚;very, great;;じん;はなは;onyomi;;59
k_図;kanji;図;diagram;;ず, と;え, はか;onyomi;;5
k_閑;kanji;閑;leisure;;かん;;onyomi;;59
k_裕;kanji;裕;abundant, plentiful;;ゆう;;onyomi;;20
k_侮;kanji;侮;despise;;ぶ;あなず, あなど;onyomi;;59
k_後;kanji;後;behind, after, back, later;;ご, こう;うし, あと, のち;onyomi;;6
k_者;kanji;者;someone, somebody;;しゃ;もの;onyomi;;8
k_研;kanji;研;sharpen;;けん;と;onyomi;;8
k_電;kanji;電;electricity;;でん;;onyomi;;8
k_禍;kanji;禍;evil, misfortune;;か;わざわい;onyomi;;59
k_沙;kanji;沙;sand;;さ, しゃ;すな, よなげる;onyomi;;59
k_受;kanji;受;accept, receive;;じゅ;う;onyomi;;9
k_匿;kanji;匿;hide;;とく;かくま;onyomi;;60
k_和;kanji;和;peace, japanese style;;わ, お;なご, やわ;onyomi;;9
k_速;kanji;速;fast;;そく;はや;onyomi;;10
k_畔;kanji;畔;shore;;はん;あぜ, くろ, ほとり;onyomi;;60
k_頭;kanji;頭;head;;ず, とう;あたま;kunyomi;;10
k_謹;kanji;謹;humble, discreet;;きん;つつし;onyomi;;60
k_病;kanji;病;sick, sickness, ill, illness;;びょう;や, やまい;onyomi;;10
k_伝;kanji;伝;transmit, tell;;でん;つた, つて;onyomi;;11
k_好;kanji;好;like;;こう;す, この;onyomi;;11
k_低;kanji;低;low;;てい;ひく;onyomi;;11
k_醜;kanji;醜;ugly;;しゅう;しこ, みにく;onyomi;;60
k_洋;kanji;洋;western style, ocean;;よう;;onyomi;;11
k_級;kanji;級;level, grade, rank;;きゅう;;onyomi;;11
k_泌;kanji;泌;secrete;;ひ, ひつ;;onyomi;;60
k_森;kanji;森;forest, woods;;しん;もり;kunyomi;;8
k_戦;kanji;戦;war, battle;;せん;たたか;onyomi;;11
k_漸;kanji;漸;gradually, steadily;;ぜん;ようや, やや;kunyomi;;60
k_競;kanji;競;compete;;きょう, けい;きそ;onyomi;;11
k_良;kanji;良;good;;りょう;よ, い;onyomi;;11
k_便;kanji;便;convenience, convenient;;べん, びん;たよ;onyomi;;11
k_働;kanji;働;work;;どう;はたら;onyomi;;11
k_意;kanji;意;idea;;い;;onyomi;;11
k_勉;kanji;勉;exertion;;べん;;onyomi;;12
k_労;kanji;労;labor;;ろう;いたわ;onyomi;;11
k_妄;kanji;妄;reckless;;もう, ぼう;みだ;onyomi;;60
k_消;kanji;消;extinguish;;しょう;き, け;onyomi;;12
k_親;kanji;親;parent;;しん;おや, した;onyomi;;10
k_倍;kanji;倍;double, times, multiply;;ばい;;onyomi;;12
k_追;kanji;追;follow, chase;;つい;お;kunyomi;;11
k_息;kanji;息;breath;;そく;いき;onyomi;;12
k_員;kanji;員;member;;いん;;onyomi;;12
k_章;kanji;章;chapter;;しょう;;onyomi;;12
k_敗;kanji;敗;failure, fail;;はい;やぶ;onyomi;;17
k_調;kanji;調;investigate, tone;;ちょう;しら;onyomi;;10
k_深;kanji;深;deep;;しん;ふか;onyomi;;12
k_歯;kanji;歯;tooth, teeth;;し;は;kunyomi;;12
k_島;kanji;島;island;;とう;しま;kunyomi;;12
k_祭;kanji;祭;festival;;さい;まつり, まつ;onyomi;;12
k_球;kanji;球;sphere, ball;;きゅう;たま;onyomi;;12
k_寒;kanji;寒;cold;;かん;さむ;kunyomi;;12
k_可;kanji;可;possible, passable;;か;;onyomi;;18
k_神;kanji;神;god;;しん;かみ;onyomi;;11
k_風;kanji;風;wind, style;;ふう, ふ;かぜ;onyomi;;7
k_胸;kanji;胸;chest, breast;;きょう;むね;kunyomi;;18
k_庭;kanji;庭;garden;;てい;にわ;onyomi;;12
k_旅;kanji;旅;trip, travel;;りょ;たび;onyomi;;12
k_共;kanji;共;together;;きょう;とも;onyomi;;11
k_昨;kanji;昨;previous, yesterday;;さく;;onyomi;;15
k_波;kanji;波;wave;;は;なみ;onyomi;;11
k_感;kanji;感;feeling;;かん;;onyomi;;13
k_課;kanji;課;section;;か;;onyomi;;13
k_験;kanji;験;test;;けん;ため, ためし;onyomi;;9
k_都;kanji;都;metropolis;;と, つ;みやこ;onyomi;;12
k_期;kanji;期;period of time, time period;;き;;onyomi;;12
k_協;kanji;協;cooperation;;きょう;;onyomi;;14
k_横;kanji;横;side, horizontal;;おう;よこ;kunyomi;;10
k_成;kanji;成;become;;せい;な;onyomi;;11
k_初;kanji;初;first;;しょ;はじ, はつ, そ, ぞ;onyomi;;11
k_植;kanji;植;plant;;しょく;う;onyomi;;12
k_港;kanji;港;harbor, port, harbour;;こう;みなと;onyomi;;12
k_是;kanji;是;absolutely;;ぜ;;onyomi;;17
k_僧;kanji;僧;priest, monk;;そう;;onyomi;;18
k_暑;kanji;暑;hot, hot weather;;しょ;あつ;kunyomi;;12
k_着;kanji;着;wear, arrive;;ちゃく;き, つ;onyomi;;12
k_拾;kanji;拾;pick up;;しゅう;ひろ;kunyomi;;11
k_特;kanji;特;special;;とく;;onyomi;;11
k_悪;kanji;悪;bad, evil;;あく, お;わる;onyomi;;12
k_面;kanji;面;face, surface;;めん;おも, おもて;onyomi;;16
k_暴;kanji;暴;violence;;ぼう;あば, ばく;onyomi;;19
k_別;kanji;別;separate;;べつ;わか;onyomi;;11
k_生;kanji;生;life;;せい, しょう;い, なま, う, は, き;onyomi;;3
k_々;kanji;々;repeater, repetition, reduplication, iteration mark;;;のま;kunyomi;;2
k_問;kanji;問;problem;;もん;と, とん;onyomi;;13
k_想;kanji;想;concept;;そう;;onyomi;;13
k_続;kanji;続;continue;;ぞく;つづ;onyomi;;19
k_困;kanji;困;distressed, troubled;;こん;こま;onyomi;;20
k_合;kanji;合;suit, fit, join;;ごう, がっ;あ, あい;onyomi;;12
k_様;kanji;様;formal name title, formal name ender, manner;;よう;さま;kunyomi;;13
k_詩;kanji;詩;poem;;し;うた;onyomi;;13
k_育;kanji;育;nurture, raise;;いく;そだ, はぐく;onyomi;;11
k_億;kanji;億;hundred million;;おく;;onyomi;;13
k_器;kanji;器;container, vessel;;き;うつわ;onyomi;;13
k_料;kanji;料;fee, material;;りょう;;onyomi;;13
k_易;kanji;易;easy;;い, えき;やさ;onyomi;;19
k_間;kanji;間;interval, interval of time, interval of space;;かん, けん;あいだ, ま;onyomi;;8
k_予;kanji;予;beforehand;;よ;あらかじ;onyomi;;9
k_然;kanji;然;nature;;ぜん, ねん;しか, さ;onyomi;;13
k_芸;kanji;芸;acting, art;;げい;;onyomi;;14
k_宿;kanji;宿;lodge;;しゅく;やど;onyomi;;13
k_整;kanji;整;arrange, organize;;せい;ととの;onyomi;;13
k_静;kanji;静;quiet;;せい;しず;onyomi;;18
k_圧;kanji;圧;pressure;;あつ;;onyomi;;20
k_折;kanji;折;fold, bend;;せつ;お;onyomi;;14
k_泣;kanji;泣;cry;;きゅう;な;kunyomi;;15
k_危;kanji;危;dangerous;;き;あぶ, あや;onyomi;;16
k_粘;kanji;粘;sticky;;ねん;ねば;onyomi;;47
k_功;kanji;功;achievement, accomplishment;;こう;;onyomi;;11
k_陽;kanji;陽;sunshine, sunlight;;よう;ひ;onyomi;;12
k_輪;kanji;輪;wheel, ring, loop;;りん;わ;onyomi;;13
k_米;kanji;米;rice, america;;べい, まい;こめ;onyomi;;5
k_争;kanji;争;conflict;;そう;あらそ;onyomi;;11
k_養;kanji;養;foster;;よう;やしな;onyomi;;13
k_像;kanji;像;statue, image;;ぞう;;onyomi;;13
k_情;kanji;情;feeling, emotion;;じょう;なさけ;onyomi;;13
k_謝;kanji;謝;apologize;;しゃ;あやま;onyomi;;13
k_典;kanji;典;rule;;てん;;onyomi;;16
k_浴;kanji;浴;bathe;;よく;あ;onyomi;;16
k_映;kanji;映;reflect, reflection;;えい;うつ, は;onyomi;;13
k_望;kanji;望;hope;;ぼう;のぞ;onyomi;;14
k_材;kanji;材;lumber, material, timber;;ざい;;onyomi;;14
k_返;kanji;返;return;;へん;かえ;onyomi;;9
k_福;kanji;福;luck, fortune;;ふく;;onyomi;;13
k_残;kanji;残;remainder;;ざん;のこ;onyomi;;14
k_被;kanji;被;incur;;ひ;かぶ;onyomi;;20
k_泉;kanji;泉;spring, fountain;;せん;いずみ;onyomi;;12
k_参;kanji;参;participate;;さん, しん;まい;onyomi;;14
k_念;kanji;念;thought;;ねん;;onyomi;;14
k_岩;kanji;岩;boulder;;がん;いわ;kunyomi;;15
k_的;kanji;的;target, al, ~al, like, ~like;;てき;まと;onyomi;;14
k_妨;kanji;妨;obstruct, impede;;ぼう;さまた;onyomi;;20
k_嫌;kanji;嫌;dislike;;けん, げん;いや, きら;onyomi;;20
k_鳴;kanji;鳴;chirp;;めい;な;kunyomi;;10
k_約;kanji;約;promise;;やく;;onyomi;;14
k_技;kanji;技;skill;;ぎ;わざ;onyomi;;14
k_恋;kanji;恋;romance;;れん;こい;onyomi;;17
k_斗;kanji;斗;ladle, dipper, volume;;と;;onyomi;;44
k_落;kanji;落;fall;;らく;お;onyomi;;10
k_求;kanji;求;request;;きゅう;もと;onyomi;;10
k_格;kanji;格;status;;かく;;onyomi;;14
k_選;kanji;選;choose;;せん;えら;onyomi;;13
k_帰;kanji;帰;return, return home;;き;かえ;kunyomi;;15
k_変;kanji;変;change, strange;;へん;か;onyomi;;15
k_絡;kanji;絡;entangle, coil around, entwine;;らく;から;onyomi;;19
k_個;kanji;個;individual;;こ;;onyomi;;20
k_物;kanji;物;thing;;ぶつ, もつ;もの;onyomi;;9
k_春;kanji;春;spring;;しゅん;はる;kunyomi;;15
k_門;kanji;門;gates, gate;;もん;;onyomi;;16
k_原;kanji;原;original, fundamental, field;;げん;はら;onyomi;;17
k_周;kanji;周;circumference;;しゅう;まわ;onyomi;;14
k_関;kanji;関;related, connected;;かん;かか, せき;onyomi;;16
k_減;kanji;減;decrease;;げん;へ;onyomi;;19
k_厚;kanji;厚;thick;;こう;あつ;kunyomi;;20
k_羽;kanji;羽;feather, feathers, wing, wings;;う;はね, は, わ;kunyomi;;5
k_魚;kanji;魚;fish;;ぎょ;さかな;onyomi;;7
k_治;kanji;治;cure, heal, reign, rule;;じ, ち;なお;onyomi;;16
k_笑;kanji;笑;laugh;;しょう;わら, え;kunyomi;;16
k_署;kanji;署;government office, political office, office;;しょ;;onyomi;;17
k_卒;kanji;卒;graduate;;そつ;;onyomi;;14
k_辞;kanji;辞;quit, word;;じ;や;onyomi;;16
k_虫;kanji;虫;insect, bug;;ちゅう, き;むし;kunyomi;;4
k_兵;kanji;兵;soldier;;へい, ひょう;;onyomi;;17
k_座;kanji;座;sit, seat;;ざ;すわ;onyomi;;18
k_検;kanji;検;examine;;けん;;onyomi;;21
k_最;kanji;最;most;;さい;もっと;onyomi;;10
k_頑;kanji;頑;stubborn;;がん;;onyomi;;14
k_漬;kanji;漬;pickle;;し;つ;kunyomi;;57
k_疑;kanji;疑;doubt;;ぎ;うたが;onyomi;;13
k_冒;kanji;冒;dare;;ぼう;おか;onyomi;;16
k_堂;kanji;堂;hall, public chamber;;どう;;onyomi;;17
k_識;kanji;識;discerning, discriminating, know;;しき;;onyomi;;17
k_皆;kanji;皆;all, everyone, everything, everybody;;かい;みな, みんな;kunyomi;;13
k_渉;kanji;渉;ford;;しょう;わた;onyomi;;17
k_官;kanji;官;government;;かん;;onyomi;;17
k_虚;kanji;虚;void;;きょ, こ;むな;onyomi;;17
k_枚;kanji;枚;flat objects counter, flat object, counter for flat objects;;まい;;onyomi;;18
k_順;kanji;順;order, sequence;;じゅん;;onyomi;;19
k_冊;kanji;冊;book counter, counter for books, counter for volumes;;さつ;;onyomi;;19
k_練;kanji;練;practice;;れん;ね;onyomi;;13
k_宙;kanji;宙;midair;;ちゅう;;onyomi;;19
k_暗;kanji;暗;dark;;あん;くら, くれ;onyomi;;13
k_愛;kanji;愛;love;;あい;まな;onyomi;;17
k_焼;kanji;焼;bake, cook, burn;;しょう;や;kunyomi;;18
k_在;kanji;在;exist;;ざい;;onyomi;;20
k_安;kanji;安;relax, cheap;;あん;やす;onyomi;;6
k_夫;kanji;夫;husband;;ふう, ふ;おっと;onyomi;;15
k_読;kanji;読;read;;とう, どく;よ;kunyomi;;10
k_士;kanji;士;samurai;;し;さむらい;onyomi;;13
k_覚;kanji;覚;memorize, awake;;かく;おぼ, さ;onyomi;;17
k_説;kanji;説;theory;;せつ;と;onyomi;;17
k_弓;kanji;弓;bow;;きゅう;ゆみ;onyomi;;18
k_農;kanji;農;farming, agriculture;;のう;;onyomi;;10
k_鼻;kanji;鼻;nose;;び;はな;kunyomi;;17
k_達;kanji;達;attain, plural;;たつ;たち;onyomi;;18
k_賀;kanji;賀;congratulations;;が;;onyomi;;22
k_標;kanji;標;signpost;;ひょう;しるし;onyomi;;13
k_建;kanji;建;build, construct;;けん;た;onyomi;;15
k_類;kanji;類;type, category, kind;;るい;たぐ;onyomi;;18
k_鬼;kanji;鬼;demon;;き;おに;onyomi;;23
k_許;kanji;許;permit, allow;;きょ;ゆる;onyomi;;18
k_加;kanji;加;add;;か;くわ;onyomi;;19
k_盆;kanji;盆;lantern festival, tray;;ぼん;;onyomi;;46
k_慌;kanji;慌;confused, bewildered;;こう;あわ;onyomi;;49
k_告;kanji;告;announce;;こく;つ;onyomi;;18
k_節;kanji;節;season;;せつ;ふし;onyomi;;19
k_宇;kanji;宇;outer space;;う;;onyomi;;19
k_布;kanji;布;cloth;;ふ;ぬの;onyomi;;19
k_閥;kanji;閥;clique, clan;;ばつ;;onyomi;;19
k_穏;kanji;穏;calm;;おん;おだ;onyomi;;46
k_線;kanji;線;line;;せん;;onyomi;;10
k_温;kanji;温;warm;;おん;あたた;onyomi;;12
k_洗;kanji;洗;wash;;せん;あら;onyomi;;18
k_比;kanji;比;compare;;ひ;くら;onyomi;;19
k_利;kanji;利;profit, benefit, advantage;;り;き;onyomi;;11
k_種;kanji;種;kind, type;;しゅ;たね, ぐさ;onyomi;;18
k_歴;kanji;歴;continuation;;れき;へ;onyomi;;19
k_徒;kanji;徒;junior, follower;;と;;onyomi;;19
k_得;kanji;得;acquire;;とく;え, う;onyomi;;19
k_橋;kanji;橋;bridge;;きょう;はし;kunyomi;;13
k_専;kanji;専;specialty;;せん;もっぱ;onyomi;;16
k_仲;kanji;仲;relationship;;ちゅう;なか;kunyomi;;11
k_改;kanji;改;renew;;かい;あらた;onyomi;;19
k_連;kanji;連;take along;;れん;つ, つら;onyomi;;19
k_善;kanji;善;morally good, good;;ぜん;;onyomi;;19
k_機;kanji;機;machine;;き;はた;onyomi;;20
k_余;kanji;余;surplus, excess;;よ;あま;onyomi;;20
k_震;kanji;震;earthquake, quake, shake;;しん;ふる;onyomi;;20
k_尾;kanji;尾;tail;;び;お, ぽ;onyomi;;20
k_械;kanji;械;contraption;;かい;かせ;onyomi;;20
k_倒;kanji;倒;overthrow, collapse;;とう;たお;onyomi;;20
k_臭;kanji;臭;stinking, stinky, smelly;;しゅう;くさ;kunyomi;;20
k_議;kanji;議;deliberation, discussion;;ぎ;;onyomi;;20
k_犯;kanji;犯;crime;;はん;おか;onyomi;;20
k_罪;kanji;罪;guilt;;ざい;つみ;onyomi;;20
k_動;kanji;動;move;;どう;うご;onyomi;;12
k_新;kanji;新;new;;しん;あたら, あら, にい;onyomi;;9
k_紀;kanji;紀;account, narrative;;き;;onyomi;;15
k_敵;kanji;敵;enemy;;てき;かな, かたき;onyomi;;21
k_済;kanji;済;come to an end;;さい;す;onyomi;;21
k_委;kanji;委;committee;;い;;onyomi;;21
k_命;kanji;命;fate;;めい, みょう;いのち;onyomi;;11
k_塩;kanji;塩;salt;;えん;しお;kunyomi;;17
k_務;kanji;務;task;;む;つと;onyomi;;21
k_資;kanji;資;resources;;し;;onyomi;;21
k_素;kanji;素;element;;そ, す;;onyomi;;21
k_指;kanji;指;finger;;し;ゆび, さ;onyomi;;11
k_警;kanji;警;warn, admonish;;けい;;onyomi;;17
k_早;kanji;早;early, fast, quick;;そう;はや, さ;onyomi;;4
k_何;kanji;何;what;;か;なに, なん;kunyomi;;5
k_流;kanji;流;stream;;りゅう, る;なが;onyomi;;12
k_断;kanji;断;cut off;;だん;ことわ, た;onyomi;;21
k_急;kanji;急;hurry;;きゅう;いそ;onyomi;;16
k_忘;kanji;忘;forget;;ぼう;わす;onyomi;;18
k_制;kanji;制;control, system;;せい;;onyomi;;21
k_省;kanji;省;conserve;;しょう, せい;はぶ;onyomi;;21
k_際;kanji;際;occasion;;さい;きわ;onyomi;;21
k_族;kanji;族;tribe, family;;ぞく;;onyomi;;12
k_険;kanji;険;risky, steep;;けん;けわ;onyomi;;16
k_空;kanji;空;sky, empty;;くう;そら, あ, から, す;onyomi;;5
k_希;kanji;希;wish;;き;まれ;onyomi;;14
k_存;kanji;存;exist, suppose;;そん, ぞん;;onyomi;;16
k_方;kanji;方;direction, way;;ほう;かた;onyomi;;3
k_薬;kanji;薬;medicine, drug, drugs;;やく;くすり;onyomi;;17
k_舌;kanji;舌;tongue;;ぜつ;した;kunyomi;;19
k_災;kanji;災;disaster;;さい;わざわ;onyomi;;20
k_罰;kanji;罰;penalty, punishment;;ばつ;ばっ;onyomi;;22
k_各;kanji;各;each;;かく;おの;onyomi;;22
k_基;kanji;基;foundation;;き;もと;onyomi;;14
k_試;kanji;試;try, attempt;;し;こころ, ため;onyomi;;9
k_童;kanji;童;juvenile;;どう;;onyomi;;12
k_熱;kanji;熱;heat, fever;;ねつ;あつ;onyomi;;13
k_非;kanji;非;injustice, negative, mistake;;ひ;;onyomi;;17
k_害;kanji;害;damage, injury, harm;;がい;;onyomi;;20
k_確;kanji;確;certain;;かく;たし;onyomi;;20
k_亡;kanji;亡;death, deceased;;ぼう;な;onyomi;;6
k_冗;kanji;冗;superfluous, unnecessary, uselessness;;じょう;;onyomi;;16
k_示;kanji;示;indicate, show;;じ, し;しめ;onyomi;;22
k_提;kanji;提;present, submit;;てい;;onyomi;;22
k_商;kanji;商;merchandise;;しょう;あきな;onyomi;;12
k_寺;kanji;寺;temple;;じ;てら;kunyomi;;15
k_干;kanji;干;dry;;かん;ほ, ひ;onyomi;;17
k_缶;kanji;缶;can, tin can;;かん;;onyomi;;44
k_認;kanji;認;recognize;;にん;みと;onyomi;;21
k_援;kanji;援;aid, assist;;えん;;onyomi;;22
k_態;kanji;態;appearance;;たい;わざ;onyomi;;22
k_護;kanji;護;defend;;ご;;onyomi;;23
k_導;kanji;導;lead;;どう;みちび;onyomi;;23
k_優;kanji;優;superior, gentle;;ゆう;やさ, すぐ;onyomi;;23
k_姫;kanji;姫;princess;;;ひめ;kunyomi;;44
k_胴;kanji;胴;torso;;どう;;onyomi;;47
k_派;kanji;派;sect;;は;;onyomi;;21
k_剤;kanji;剤;dose;;ざい;;onyomi;;40
k_沢;kanji;沢;swamp;;たく;さわ;onyomi;;23
k_雑;kanji;雑;random, miscellaneous;;ざつ, ぞう;;onyomi;;32
k_聖;kanji;聖;holy;;せい;;onyomi;;34
k_括;kanji;括;fasten;;かつ;くく;onyomi;;42
k_宮;kanji;宮;shinto shrine, shrine, palace;;きゅう;みや;kunyomi;;22
k_俳;kanji;俳;haiku;;はい;;onyomi;;23
k_額;kanji;額;amount, framed picture, forehead;;がく;ひたい;onyomi;;24
k_悔;kanji;悔;regret;;かい;くや, く;onyomi;;48
k_並;kanji;並;line up;;へい;なら, なみ;onyomi;;28
k_貧;kanji;貧;poor;;びん, ひん;まず;onyomi;;30
k_致;kanji;致;do;;ち;いた;onyomi;;38
k_肝;kanji;肝;liver;;かん;きも;onyomi;;42
k_違;kanji;違;different;;い;ちが;kunyomi;;24
k_兼;kanji;兼;concurrently;;けん;か;onyomi;;40
k_懇;kanji;懇;courteous;;こん;;onyomi;;43
k_悟;kanji;悟;comprehension;;ご;さと;onyomi;;49
k_祝;kanji;祝;celebrate;;しゅく, しゅう;いわ;onyomi;;24
k_狭;kanji;狭;narrow;;きょう;せま, せば;kunyomi;;24
k_腕;kanji;腕;arm;;わん;うで;kunyomi;;24
k_席;kanji;席;seat;;せき;;onyomi;;17
k_統;kanji;統;unite;;とう;す;onyomi;;22
k_腰;kanji;腰;waist;;よう;こし;kunyomi;;24
k_裁;kanji;裁;judge;;さい;さば, た;onyomi;;23
k_庁;kanji;庁;agency, government office;;ちょう;;onyomi;;24
k_房;kanji;房;cluster;;ぼう;ふさ;onyomi;;38
k_逃;kanji;逃;escape;;とう;に, のが, の;onyomi;;38
k_樹;kanji;樹;wood;;じゅ;き;onyomi;;41
k_吐;kanji;吐;throw up, spit, vomit;;と;は, つ;kunyomi;;34
k_昭;kanji;昭;shining;;しょう;;onyomi;;37
k_象;kanji;象;elephant, phenomenon;;ぞう, しょう;;onyomi;;24
k_供;kanji;供;servant, companion;;きょう;とも, そな;onyomi;;24
k_展;kanji;展;expand;;てん;のぶ, のび;onyomi;;24
k_構;kanji;構;set up, care;;こう;かま;onyomi;;25
k_属;kanji;属;belong;;ぞく;;onyomi;;25
k_慣;kanji;慣;accustomed;;かん;な;onyomi;;25
k_豊;kanji;豊;plentiful;;ほう;ゆた;onyomi;;25
k_満;kanji;満;full;;まん;み;onyomi;;25
k_替;kanji;替;replace, exchange;;たい;か;kunyomi;;25
k_授;kanji;授;instruct;;じゅ;さず;onyomi;;26
k_境;kanji;境;boundary;;きょう;さかい;onyomi;;24
k_印;kanji;印;seal, mark;;いん;しるし;onyomi;;26
k_抑;kanji;抑;suppress;;よく;おさ;onyomi;;38
k_礎;kanji;礎;foundation;;そ;いしずえ;onyomi;;49
k_筆;kanji;筆;writing brush;;ひつ;ふで;onyomi;;26
k_暇;kanji;暇;spare time, free time;;か;ひま, いとま;onyomi;;27
k_怒;kanji;怒;angry, anger;;ど;おこ, いか;onyomi;;27
k_睡;kanji;睡;drowsy;;すい;;onyomi;;27
k_端;kanji;端;edge;;たん;はし, はた;onyomi;;27
k_獄;kanji;獄;prison;;ごく;;onyomi;;35
k_伊;kanji;伊;italy;;い;だ;onyomi;;47
k_極;kanji;極;extreme;;きょく, ごく;きわ;onyomi;;27
k_逆;kanji;逆;reverse, opposite;;ぎゃく;さか;onyomi;;28
k_潔;kanji;潔;pure;;けつ;いさぎよ;onyomi;;28
k_録;kanji;録;record;;ろく;;onyomi;;28
k_修;kanji;修;discipline;;しゅう;おさ;onyomi;;28
k_券;kanji;券;ticket;;けん;;onyomi;;28
k_程;kanji;程;extent;;てい;ほど;onyomi;;28
k_監;kanji;監;oversee;;かん;;onyomi;;29
k_請;kanji;請;request;;せい, しん, しょう;う, こ;onyomi;;29
k_雄;kanji;雄;male, brave;;ゆう;おす;onyomi;;29
k_臣;kanji;臣;servant, retainer;;しん, じん;;onyomi;;29
k_嘆;kanji;嘆;sigh;;たん;なげ;onyomi;;31
k_遣;kanji;遣;dispatch;;けん;つか, や;onyomi;;37
k_徹;kanji;徹;penetrate, clear;;てつ;;onyomi;;41
k_嫁;kanji;嫁;bride;;か;よめ, とつ;kunyomi;;45
k_斤;kanji;斤;axe, bread loaf counter;;きん;;onyomi;;5
k_浅;kanji;浅;shallow;;せん;あさ;kunyomi;;15
k_率;kanji;率;percent, percentage;;りつ, そつ;ひき;onyomi;;20
k_散;kanji;散;scatter;;さん;ち;onyomi;;31
k_星;kanji;星;star;;せい;ほし;onyomi;;6
k_脈;kanji;脈;vein;;みゃく;;onyomi;;31
k_採;kanji;採;gather;;さい;と;onyomi;;32
k_液;kanji;液;fluid, liquid;;えき;;onyomi;;32
k_傷;kanji;傷;wound;;しょう;きず, いた;onyomi;;32
k_秘;kanji;秘;secret;;ひ;ひ;onyomi;;32
k_注;kanji;注;pour;;ちゅう;そそ, さ, つ;onyomi;;11
k_尊;kanji;尊;revered;;そん;とうと, たっと;onyomi;;33
k_異;kanji;異;differ;;い;こと;onyomi;;33
k_皇;kanji;皇;emperor;;こう;;onyomi;;33
k_盛;kanji;盛;pile, prosperous, heap;;せい, じょう;も, さか;onyomi;;33
k_著;kanji;著;author;;ちょ;いちじる, あらわ;onyomi;;33
k_縦;kanji;縦;vertical;;じゅう;たて;kunyomi;;34
k_測;kanji;測;measure;;そく;はか;onyomi;;35
k_恥;kanji;恥;shame;;ち;は, はじ;kunyomi;;35
k_酔;kanji;酔;drunk;;すい;よ;onyomi;;35
k_湖;kanji;湖;lake;;こ;みずうみ;onyomi;;35
k_頼;kanji;頼;trust;;らい;たの, たよ;onyomi;;36
k_旬;kanji;旬;in season, time of month, season;;しゅん, じゅん;;onyomi;;37
k_聴;kanji;聴;listen;;ちょう;き;onyomi;;37
k_闘;kanji;闘;struggle;;とう;たたか;onyomi;;37
k_需;kanji;需;demand;;じゅ;;onyomi;;38
k_却;kanji;却;contrary;;きゃく;かえって;onyomi;;38
k_慮;kanji;慮;consider;;りょ;おもんぱく, おもんぱか;onyomi;;38
k_懸;kanji;懸;suspend;;けん;か;onyomi;;38
k_贈;kanji;贈;presents;;ぞう;おく;onyomi;;38
k_鈴;kanji;鈴;buzzer, small bell;;りん;すず;onyomi;;39
k_秒;kanji;秒;second;;びょう;;onyomi;;11
k_壁;kanji;壁;wall;;へき;かべ;kunyomi;;39
k_圏;kanji;圏;range, sphere;;けん;;onyomi;;39
k_項;kanji;項;paragraph;;こう;;onyomi;;39
k_鋼;kanji;鋼;steel;;こう;はがね;onyomi;;39
k_排;kanji;排;reject, refuse;;はい;;onyomi;;40
k_茂;kanji;茂;luxuriant;;も;しげ;onyomi;;40
k_遜;kanji;遜;humble;;そん;したが;onyomi;;41
k_至;kanji;至;attain;;し;いた;onyomi;;41
k_哲;kanji;哲;philosophy;;てつ;;onyomi;;42
k_斎;kanji;斎;purification;;さい;いつ;onyomi;;42
k_潟;kanji;潟;lagoon;;せき;かた;kunyomi;;42
k_飛;kanji;飛;fly;;ひ;と;onyomi;;20
k_焦;kanji;焦;char;;しょう;こ, あせ;onyomi;;42
k_紛;kanji;紛;distract;;ふん;まぎ, まぐ;onyomi;;42
k_襲;kanji;襲;attack;;しゅう;おそ;onyomi;;43
k_朗;kanji;朗;bright;;ろう;ほが;onyomi;;43
k_翼;kanji;翼;wing;;よく;つばさ;onyomi;;44
k_謎;kanji;謎;riddle;;;なぞ;kunyomi;;44
k_涙;kanji;涙;teardrop;;るい;なみだ;onyomi;;44
k_磨;kanji;磨;polish;;ま;みが;kunyomi;;45
k_菌;kanji;菌;bacteria;;きん;;onyomi;;45
k_鍵;kanji;鍵;key;;けん;かぎ;kunyomi;;46
k_癖;kanji;癖;habit;;へき;くせ;kunyomi;;46
k_畳;kanji;畳;tatami mat;;じょう;たたみ;onyomi;;47
k_瞭;kanji;瞭;clear;;りょう;;onyomi;;47
k_貼;kanji;貼;paste;;ちょう;は;kunyomi;;48
k_尼;kanji;尼;nun;;に;あま;onyomi;;49
k_劣;kanji;劣;inferiority;;れつ;おと;onyomi;;49
k_峰;kanji;峰;summit;;ほう;みね;onyomi;;50
k_邪;kanji;邪;wicked;;じゃ;よこし;onyomi;;50
k_堤;kanji;堤;embankment;;てい;つつみ;onyomi;;50
k_伯;kanji;伯;chief;;はく, お;;onyomi;;50
k_把;kanji;把;bundle, grasp;;は, わ;;onyomi;;50
k_孔;kanji;孔;cavity, hole;;こう;あな;onyomi;;46
k_偉;kanji;偉;greatness;;い;えら;onyomi;;51
k_頂;kanji;頂;summit, humbly;;ちょう;いただき, いただ;onyomi;;51
k_召;kanji;召;call, eat;;しょう;め;onyomi;;51
k_沸;kanji;沸;boil;;ふつ;わ;onyomi;;51
k_瓶;kanji;瓶;bottle, jar;;びん;かめ;onyomi;;51
k_肯;kanji;肯;agreement, consent;;こう;がえんじ;onyomi;;51
k_脂;kanji;脂;fat;;し;あぶら;onyomi;;51
k_膚;kanji;膚;skin;;ふ;はだ;onyomi;;51
k_軒;kanji;軒;house counter, eaves;;けん;のき;onyomi;;51
k_軟;kanji;軟;soft;;なん;やわ;onyomi;;51
k_隅;kanji;隅;corner;;ぐう;すみ;kunyomi;;51
k_隻;kanji;隻;ship counter;;せき;;onyomi;;51
k_郡;kanji;郡;county, district;;ぐん;こおり;onyomi;;51
k_釈;kanji;釈;explanation;;しゃく, せき;す, とく, ゆる;onyomi;;51
k_媛;kanji;媛;princess, beautiful woman;;えん;ひめ;kunyomi;;51
k_貞;kanji;貞;chastity;;てい;さだ;onyomi;;51
k_苗;kanji;苗;seedling, sapling;;みょう, びょう;なえ, なわ;onyomi;;51
k_渦;kanji;渦;whirlpool;;か;うず;onyomi;;51
k_慈;kanji;慈;mercy;;じ;いつく;onyomi;;51
k_襟;kanji;襟;collar;;きん;えり;kunyomi;;51
k_聡;kanji;聡;wise;;そう;さと, みみざと;onyomi;;51
k_浦;kanji;浦;bay;;ほ;うら;kunyomi;;51
k_陥;kanji;陥;cave in;;かん;おちい, おとしい;onyomi;;52
k_貫;kanji;貫;pierce, sushi counter;;かん;つらぬ, ぬき, ぬ;onyomi;;52
k_鎖;kanji;鎖;chain;;さ;くさり, とざ;onyomi;;52
k_牲;kanji;牲;offering;;せい;;onyomi;;52
k_秩;kanji;秩;order, regularity;;ちつ;;onyomi;;52
k_須;kanji;須;necessary;;す, しゅ;すべから, すべし, ひげ, まつ, もち, もと;onyomi;;52
k_偏;kanji;偏;biased;;へん;かたよ;onyomi;;52
k_遇;kanji;遇;treatment;;ぐう;あ;onyomi;;52
k_慢;kanji;慢;ridicule, laziness;;まん;;onyomi;;52
k_綾;kanji;綾;design;;りん;あや;onyomi;;52
k_第;kanji;第;ordinal number prefix, ordinal prefix, number;;だい;;onyomi;;12
k_陣;kanji;陣;army base;;じん;;onyomi;;37
k_悩;kanji;悩;worry;;のう;なや;kunyomi;;27
k_嬢;kanji;嬢;miss;;じょう;むすめ;onyomi;;45
k_鳩;kanji;鳩;dove, pigeon;;く;はと;kunyomi;;46
k_婆;kanji;婆;old woman;;ば;ばあ;onyomi;;47
k_財;kanji;財;wealth;;さい, ざい;;onyomi;;19
k_秀;kanji;秀;excel;;しゅう;ひい;onyomi;;23
k_伴;kanji;伴;accompany;;はん;ともな;onyomi;;38
k_隼;kanji;隼;falcon;;しゅん, じゅん;はやぶさ;kunyomi;;52
k_輔;kanji;輔;help;;ふ, ほ;たす;nanori;;52
k_浄;kanji;浄;cleanse, purify;;じょう, せい;きよ;onyomi;;53
k_稿;kanji;稿;draft;;こう;したがき, わら;onyomi;;53
k_騰;kanji;騰;inflation;;とう;あが, のぼ;onyomi;;53
k_緯;kanji;緯;latitude;;い;ぬき, よこいと;onyomi;;53
k_披;kanji;披;expose;;ひ;;onyomi;;53
k_錦;kanji;錦;brocade;;きん;にしき;kunyomi;;53
k_繊;kanji;繊;fiber, slender;;せん;;onyomi;;53
k_諭;kanji;諭;admonish;;ゆ;さと;onyomi;;53
k_虐;kanji;虐;oppress;;ぎゃく;しいた;onyomi;;53
k_徐;kanji;徐;gently, gentle;;じょ;おもむ;onyomi;;53
k_戴;kanji;戴;receive;;たい;いただ;onyomi;;53
k_曙;kanji;曙;dawn;;しょ;あけぼの;kunyomi;;53
k_胡;kanji;胡;barbarian;;こ, う, ご;なんぞ;onyomi;;53
k_瓜;kanji;瓜;melon;;か, け;うり;onyomi;;53
k_駿;kanji;駿;speed;;しゅん, すん;すぐ;onyomi;;53
k_諒;kanji;諒;comprehend, reality;;りょう;あきら, まことに;onyomi;;53
k_莉;kanji;莉;jasmine;;り, れい, らい;;onyomi;;53
k_鯨;kanji;鯨;whale;;げい;くじら;onyomi;;54
k_拐;kanji;拐;kidnap;;かい;;onyomi;;54
k_冠;kanji;冠;crown, cap;;かん;かんむり;onyomi;;54
k_酬;kanji;酬;repay;;しゅう, しゅ, とう;むく;onyomi;;54
k_卸;kanji;卸;wholesale;;しゃ;おろし, おろ;kunyomi;;54
k_逸;kanji;逸;deviate, elude;;いつ;そ, はぐ;onyomi;;54
k_尚;kanji;尚;furthermore, esteem;;しょう;なお;onyomi;;54
k_顕;kanji;顕;appear, exist;;けん;あきらか, あらわ;onyomi;;54
k_践;kanji;践;practice, trample;;せん;ふ;onyomi;;54
k_呈;kanji;呈;present, display;;てい;;onyomi;;54
k_疎;kanji;疎;neglect, sparse;;そ, しょ;うと, まば;onyomi;;54
k_酷;kanji;酷;cruel, unjust;;こく;ひど;onyomi;;54
k_叙;kanji;叙;describe;;じょ;つい, ついで;onyomi;;54
k_痴;kanji;痴;stupid;;ち;おろか, し;onyomi;;54
k_傲;kanji;傲;proud;;ごう;あなど, おご;onyomi;;54
k_阿;kanji;阿;flatter;;あ, お;おもね, くま;onyomi;;54
k_茜;kanji;茜;red dye;;せん;あかね;kunyomi;;54
k_蜂;kanji;蜂;bee;;ほう;はち;kunyomi;;41
k_帝;kanji;帝;sovereign;;てい;みかど;onyomi;;46
k_堰;kanji;堰;dam;;えん;せき;kunyomi;;50
k_栞;kanji;栞;bookmark;;かん;しおり;kunyomi;;54
k_伏;kanji;伏;bow, lay;;ふく;ふ;onyomi;;55
k_鎮;kanji;鎮;tranquilize;;ちん;おさえ, しず;onyomi;;55
k_赴;kanji;赴;proceed, move on;;ふ;おもむ;onyomi;;55
k_髄;kanji;髄;marrow, bone marrow;;ずい;;onyomi;;55
k_癒;kanji;癒;healing, cure;;ゆ;い, いや;onyomi;;55
k_郭;kanji;郭;enclosure;;かく;くるわ;onyomi;;55
k_虜;kanji;虜;captive;;りょ, ろ;とりく, とりこ;onyomi;;55
k_守;kanji;守;protect;;す, しゅ;まも, もり;onyomi;;16
k_凝;kanji;凝;congeal, freeze, absorbed in;;ぎょう;こ, こご;onyomi;;55
k_脊;kanji;脊;stature, height;;せき;せ, せい;onyomi;;55
k_昌;kanji;昌;prosperous, prosperity;;しょう;さかん;onyomi;;55
k_抹;kanji;抹;erase;;まつ;;onyomi;;55
k_祖;kanji;祖;ancestor;;そ;;onyomi;;32
k_紅;kanji;紅;deep red, crimson;;こう;べに, くれない;onyomi;;34
k_那;kanji;那;what;;な, だ;いかん, なに, なんぞ;onyomi;;55
k_宰;kanji;宰;manager;;さい;;onyomi;;56
k_寂;kanji;寂;lonely;;じゃく, せき;さび, さみ;onyomi;;56
k_凡;kanji;凡;mediocre;;ぼん, はん;おうよ, およ, すべ;onyomi;;56
k_錯;kanji;錯;mixed, confused;;さく, しゃく;;onyomi;;56
k_陵;kanji;陵;mausoleum, tomb;;りょう;みささぎ;onyomi;;56
k_隷;kanji;隷;slave;;れい;;onyomi;;34
k_綱;kanji;綱;cable;;こう;つな;kunyomi;;42
k_窮;kanji;窮;destitute;;きゅう, きょう;きわ;onyomi;;56
k_悦;kanji;悦;delight, joy;;えつ;よろこ;onyomi;;56
k_轄;kanji;轄;control;;かつ;くさび;onyomi;;56
k_糾;kanji;糾;twist;;きゅう;;onyomi;;42
k_咲;kanji;咲;blossom, bloom;;しょう;さ;kunyomi;;48
k_騎;kanji;騎;horse;;き;;onyomi;;48
k_洪;kanji;洪;flood;;こう;;onyomi;;56
k_摂;kanji;摂;in addition;;せつ, しょう;おさ, かね, と;onyomi;;56
k_靖;kanji;靖;peaceful;;じょう, せい;やす;kunyomi;;56
k_嘉;kanji;嘉;esteem, praise;;か;よい, よみ;onyomi;;56
k_搾;kanji;搾;squeeze;;さく;しぼ;onyomi;;56
k_蝶;kanji;蝶;butterfly;;ちょう;;onyomi;;56
k_匠;kanji;匠;artisan;;しょう;たくみ;onyomi;;56
k_遥;kanji;遥;far off, far away;;よう;はる;kunyomi;;56
k_槽;kanji;槽;tank, vat;;そう;ふね;onyomi;;57
k_峡;kanji;峡;ravine;;きょう, こう;はざま;onyomi;;57
k_款;kanji;款;article, sincerity;;かん;;onyomi;;57
k_敢;kanji;敢;daring;;かん;あ;onyomi;;57
k_凸;kanji;凸;convex, uneven;;とつ;でこ;onyomi;;57
k_瑠;kanji;瑠;lapis lazuli;;る, りゅう;;onyomi;;57
k_硫;kanji;硫;sulfur, sulphur;;りゅう;;onyomi;;58
k_享;kanji;享;receive;;きょう, こう;う;onyomi;;58
k_鶏;kanji;鶏;chicken;;けい;とり, にわとり;onyomi;;58
k_嘱;kanji;嘱;request, entrust;;しょく;しょく, たの;onyomi;;58
k_淑;kanji;淑;graceful;;しゅく;しと;onyomi;;58
k_暁;kanji;暁;dawn;;きょう, ぎょう;あかつき, さと;kunyomi;;58
k_傑;kanji;傑;greatness, excellence;;けつ;すぐ;onyomi;;58
k_隠;kanji;隠;hide;;いん;かく;onyomi;;25
k_辛;kanji;辛;spicy;;しん;から, つら;onyomi;;44
k_墜;kanji;墜;crash;;つい;;onyomi;;47
k_鮮;kanji;鮮;fresh;;せん;あざ;onyomi;;25
k_範;kanji;範;example;;はん;;onyomi;;42
k_脅;kanji;脅;threaten;;きょう;おど, おびや;onyomi;;48
k_刷;kanji;刷;printing;;さつ;す;onyomi;;43
k_掛;kanji;掛;hang;;かい, けい;か;kunyomi;;25
k_降;kanji;降;descend;;こう;お, ふ;onyomi;;34
k_椅;kanji;椅;chair;;い;;onyomi;;46
k_歓;kanji;歓;delight;;かん;;onyomi;;34
k_遅;kanji;遅;slow;;ち;おそ, おく;onyomi;;35
k_避;kanji;避;dodge, avoid;;ひ;さ, よ;onyomi;;38
k_闇;kanji;闇;darkness;;あん, おん;やみ;kunyomi;;48
k_輝;kanji;輝;radiance;;き;かがや;onyomi;;48
k_斬;kanji;斬;slice;;ざん;き;onyomi;;46
k_俗;kanji;俗;vulgar;;ぞく;;onyomi;;49
k_欲;kanji;欲;want;;よく;ほ;onyomi;;32
k_棚;kanji;棚;shelf;;ほう;たな;kunyomi;;44
k_碁;kanji;碁;go;;ご;;onyomi;;46
k_丼;kanji;丼;rice bowl;;どん;どんぶり;onyomi;;34
k_矛;kanji;矛;spear;;む;ほこ;onyomi;;45
k_献;kanji;献;offer;;けん, こん;たてまつ;onyomi;;36
k_撲;kanji;撲;slap;;ぼく;;onyomi;;43
k_獲;kanji;獲;seize;;かく;え;onyomi;;40
k_設;kanji;設;establish;;せつ;もう;onyomi;;21
k_遺;kanji;遺;leave behind;;い;のこ;onyomi;;36
k_墨;kanji;墨;black ink, ink;;;すみ;kunyomi;;46
k_貿;kanji;貿;trade;;ぼう;;onyomi;;36
k_脚;kanji;脚;leg;;きゃく;あし;onyomi;;45
k_迅;kanji;迅;swift;;じん;;onyomi;;48
k_露;kanji;露;expose, dew;;ろ, ろう;つゆ;onyomi;;43
k_己;kanji;己;oneself, self;;こ, き;おのれ;onyomi;;35
k_恨;kanji;恨;grudge;;こん;うら;onyomi;;47
k_誠;kanji;誠;sincerity;;せい;まこと;onyomi;;41
k_鍛;kanji;鍛;forge;;たん;きた;onyomi;;46
k_湿;kanji;湿;damp;;しつ;しめ;onyomi;;45
k_揚;kanji;揚;hoist;;よう;あ;onyomi;;42
k_傾;kanji;傾;lean;;けい;かたむ;onyomi;;38
k_津;kanji;津;haven;;しん;つ;kunyomi;;36
k_誰;kanji;誰;who;;;だれ;kunyomi;;43
k_措;kanji;措;set aside;;そ;;onyomi;;41
k_隔;kanji;隔;isolate;;かく;へだ;onyomi;;49
k_刈;kanji;刈;prune;;;か;kunyomi;;49
k_銘;kanji;銘;inscription;;めい;;onyomi;;50
k_克;kanji;克;overcome;;こく;;onyomi;;42
k_距;kanji;距;distance;;きょ;;onyomi;;43
k_陛;kanji;陛;highness;;へい;;onyomi;;49
k_臓;kanji;臓;internal organs;;ぞう;;onyomi;;34
k_邦;kanji;邦;home country;;ほう;くに;onyomi;;39
k_挑;kanji;挑;challenge;;ちょう;いど;onyomi;;42
k_握;kanji;握;grip;;あく;にぎ;onyomi;;42
k_及;kanji;及;reach;;きゅう;およ;onyomi;;36
k_影;kanji;影;shadow;;えい;かげ;onyomi;;25
k_袋;kanji;袋;sack;;たい;ふくろ;kunyomi;;42
k_曇;kanji;曇;cloudy;;;くも;kunyomi;;45
k_忠;kanji;忠;loyalty;;ちゅう;;onyomi;;33
k_刃;kanji;刃;blade;;じん, にん;は;kunyomi;;44
k_訟;kanji;訟;lawsuit;;しょう;;onyomi;;25
k_柄;kanji;柄;pattern;;へい;がら;kunyomi;;42
k_掘;kanji;掘;dig;;くつ;ほ;onyomi;;42
k_綿;kanji;綿;cotton;;めん;わた;onyomi;;46
k_判;kanji;判;judge;;はん;;onyomi;;21
k_糖;kanji;糖;sugar;;とう;;onyomi;;33
k_盤;kanji;盤;tray, platter, board;;ばん;;onyomi;;38
k_欺;kanji;欺;deceit;;ぎ;あざむ;onyomi;;47
k_鰐;kanji;鰐;alligator;;;わに;kunyomi;;50
k_環;kanji;環;loop;;かん;;onyomi;;24
k_跳;kanji;跳;hop;;ちょう;と, は;onyomi;;37
k_敬;kanji;敬;respect;;けい;うやま;onyomi;;33
k_幹;kanji;幹;tree trunk;;かん;みき;onyomi;;23
k_勢;kanji;勢;force;;せい, せ;いきお;onyomi;;22
k_妃;kanji;妃;princess, queen;;ひ;;onyomi;;49
k_舎;kanji;舎;cottage;;しゃ;;onyomi;;35
k_審;kanji;審;judge;;しん;;onyomi;;21
k_創;kanji;創;create;;そう;;onyomi;;26
k_裸;kanji;裸;naked, nude;;ら;はだか;onyomi;;45
k_滞;kanji;滞;stagnate;;たい;とどこお;onyomi;;35
k_復;kanji;復;restore;;ふく;;onyomi;;26
k_奨;kanji;奨;encourage;;しょう;;onyomi;;49
k_晶;kanji;晶;crystal;;しょう;;onyomi;;50
k_患;kanji;患;afflicted;;かん;わずら;onyomi;;37
k_緊;kanji;緊;tense;;きん;;onyomi;;29
k_仰;kanji;仰;look up to;;ぎょう, こう;あお;onyomi;;50
k_償;kanji;償;reparation;;しょう;つぐな;onyomi;;37
k_揺;kanji;揺;shake;;よう;ゆ;onyomi;;42
k_哀;kanji;哀;pathetic;;あい;あわ;onyomi;;47
k_沼;kanji;沼;bog;;しょう;ぬま;kunyomi;;43
k_湾;kanji;湾;gulf;;わん;;onyomi;;37
k_略;kanji;略;abbreviation, abbreviate;;りゃく;;onyomi;;29
k_拘;kanji;拘;arrest;;こう;かか;onyomi;;49
k_収;kanji;収;obtain;;しゅう;おさ;onyomi;;23
k_霜;kanji;霜;frost;;;しも;kunyomi;;48
k_居;kanji;居;alive;;きょ;い;onyomi;;25
k_現;kanji;現;present time, present;;げん;あらわ;onyomi;;23
k_吉;kanji;吉;good luck;;きつ, きち;よし;onyomi;;44
k_芋;kanji;芋;potato;;;いも;kunyomi;;34
k_軸;kanji;軸;axis;;じく;;onyomi;;42
k_巡;kanji;巡;patrol;;じゅん;めぐ;onyomi;;40
k_尿;kanji;尿;urine, pee;;にょう;;onyomi;;55
k_詠;kanji;詠;compose, recite;;えい;よ, うた;onyomi;;59
k_絶;kanji;絶;extinction, die out;;ぜつ;た;onyomi;;28
k_赦;kanji;赦;pardon;;しゃ;;onyomi;;58
k_蔵;kanji;蔵;storehouse;;ぞう;くら;onyomi;;33
k_寧;kanji;寧;rather;;ねい;むし;onyomi;;46
k_囚;kanji;囚;criminal;;しゅう;とら;onyomi;;60
k_蓮;kanji;蓮;lotus;;れん;はす, はちす;onyomi;;51
k_酌;kanji;酌;serve;;しゃく;く;onyomi;;58
k_帆;kanji;帆;sail;;はん;ほ;onyomi;;58
k_柴;kanji;柴;brushwood, firewood;;さい, し;しば;kunyomi;;56
k_弊;kanji;弊;evil;;へい;;onyomi;;56
k_瑞;kanji;瑞;congratulations;;すい, ずい;みず, しるし;kunyomi;;58
k_湧;kanji;湧;well, boil;;ゆう, ゆ, よう;わ;onyomi;;60
k_英;kanji;英;england, english;;えい;;onyomi;;15
k_軍;kanji;軍;army;;ぐん;;onyomi;;15
k_搬;kanji;搬;transport;;はん;;onyomi;;50
k_較;kanji;較;contrast, compare;;かく, こう;;onyomi;;26
k_随;kanji;随;all;;ずい;したが, まにま;onyomi;;53
k_憤;kanji;憤;resent;;ふん;いきどお;onyomi;;58
k_擁;kanji;擁;embrace;;よう;;onyomi;;52
k_漏;kanji;漏;leak;;ろう;も;onyomi;;30
k_濯;kanji;濯;wash;;たく;すす, ゆす, そそぐ;onyomi;;51
k_藍;kanji;藍;indigo;;らん;あい;kunyomi;;60
k_一;kanji;一;one;;いち, いつ;ひと;onyomi;;1
k_魂;kanji;魂;soul, spirit;;こん;たましい;onyomi;;45
k_耕;kanji;耕;plow;;こう;たがや;onyomi;;51
k_栽;kanji;栽;planting;;さい;;onyomi;;54
k_九;kanji;九;nine;;く, きゅう;ここの;onyomi;;1
k_含;kanji;含;include;;がん;ふく;onyomi;;25
k_人;kanji;人;person;;にん, じん;ひと, と;onyomi;;1
k_八;kanji;八;eight;;はち;や, よう;onyomi;;1
k_穂;kanji;穂;head of plant, ear of plant;;すい;ほ;kunyomi;;46
k_偶;kanji;偶;accidentally;;ぐう;たま;onyomi;;50
k_力;kanji;力;power, strength;;りょく, りき;ちから;onyomi;;1
k_射;kanji;射;shoot;;しゃ;い, さ, う;onyomi;;34
k_十;kanji;十;ten;;じゅう;とお;onyomi;;1
k_輸;kanji;輸;transport;;ゆ;;onyomi;;24
k_鉛;kanji;鉛;lead;;えん;なまり;onyomi;;26
k_据;kanji;据;install;;きょ;す;kunyomi;;53
k_飯;kanji;飯;meal, food;;はん;めし;onyomi;;15
k_糧;kanji;糧;provisions;;りょう, ろう;かて;onyomi;;52
k_仏;kanji;仏;buddha;;ぶつ;ほとけ;onyomi;;15
k_遮;kanji;遮;intercept;;しゃ;さえぎ;onyomi;;57
k_眺;kanji;眺;stare;;ちょう;なが;onyomi;;45
k_衡;kanji;衡;equilibrium;;こう;;onyomi;;57
k_拠;kanji;拠;based on;;きょ, こ;よ;onyomi;;41
k_帳;kanji;帳;notebook;;ちょう;とばり;onyomi;;48
k_故;kanji;故;circumstance, reason;;こ;ゆえ;onyomi;;26
k_喝;kanji;喝;scold;;かつ;;onyomi;;57
k_挙;kanji;挙;raise;;きょ;あ;onyomi;;21
k_唄;kanji;唄;shamisen song;;ばい;うた;kunyomi;;60
k_築;kanji;築;construct, build;;ちく;きず;onyomi;;15
k_担;kanji;担;carry, bear;;たん;にな, かつ;onyomi;;24
k_涯;kanji;涯;horizon;;がい;はて;onyomi;;50
k_晩;kanji;晩;night, evening;;ばん;;onyomi;;15
k_与;kanji;与;give;;よ;あた;onyomi;;25
k_炉;kanji;炉;furnace;;ろ;いろり;onyomi;;43
k_猫;kanji;猫;cat;;;ねこ;kunyomi;;15
k_孝;kanji;孝;filial piety;;こう;;onyomi;;40
k_下;kanji;下;below, down, under, beneath;;か, げ;した, さ, くだ, お;onyomi;;1
k_拡;kanji;拡;extend;;かく;ひろ;onyomi;;33
k_俊;kanji;俊;genius;;しゅん;;onyomi;;40
k_触;kanji;触;touch;;しょく;さわ, ふ;onyomi;;24
k_激;kanji;激;fierce, violent;;げき;はげ;onyomi;;26
k_娠;kanji;娠;pregnant;;しん;;onyomi;;38
k_瞳;kanji;瞳;pupil;;とう, どう;ひとみ;onyomi;;46
k_爽;kanji;爽;refreshing;;そう;さわ;kunyomi;;47
k_剛;kanji;剛;sturdy;;ごう;;onyomi;;49
k_屯;kanji;屯;barracks;;とん;;onyomi;;59
k_候;kanji;候;climate, weather, candidate;;こう;;onyomi;;25
k_探;kanji;探;look for, search for;;たん;さが, さぐ;onyomi;;31
k_贅;kanji;贅;luxury;;ぜい;いぼ;onyomi;;23
k_劇;kanji;劇;drama;;げき;;onyomi;;17
k_呉;kanji;呉;give;;ご;くれ, く;onyomi;;56
k_葬;kanji;葬;burial;;そう;ほうむ;onyomi;;37
k_促;kanji;促;urge;;そく;うなが;onyomi;;29
k_捕;kanji;捕;catch;;ほ;つか, とら;onyomi;;25
k_炭;kanji;炭;charcoal;;たん;すみ;onyomi;;41
k_荘;kanji;荘;villa;;そう, しょう, ちゃん;あごそ, ほうき;onyomi;;54
k_大;kanji;大;big, large;;たい, だい;おお;onyomi;;1
k_尺;kanji;尺;shaku, japanese foot;;しゃく;;onyomi;;47
k_幣;kanji;幣;cash;;へい;;onyomi;;47
k_褒;kanji;褒;praise;;ほう;ほ;onyomi;;40
k_訂;kanji;訂;revise;;てい;;onyomi;;50
k_女;kanji;女;woman;;じょ;おんな, め;onyomi;;1
k_川;kanji;川;river;;せん;かわ;kunyomi;;1
k_工;kanji;工;construction, industry;;こう, く;;onyomi;;1
k_勤;kanji;勤;work;;きん;つと;onyomi;;34
k_園;kanji;園;garden, park;;えん;その;onyomi;;16
k_簿;kanji;簿;record book;;ぼ;;onyomi;;50
k_朱;kanji;朱;vermillion;;しゅ;あけ;onyomi;;44
k_責;kanji;責;blame;;せき;せ;onyomi;;21
k_賃;kanji;賃;rent;;ちん;;onyomi;;33
k_題;kanji;題;topic;;だい;;onyomi;;13
k_芳;kanji;芳;perfume;;ほう;かんば;onyomi;;52
k_果;kanji;果;fruit;;か;くだ, は;onyomi;;17
k_姻;kanji;姻;marry;;いん;;onyomi;;59
k_継;kanji;継;inherit;;けい;つ;onyomi;;36
k_栄;kanji;栄;prosper, flourish;;えい;さか;onyomi;;17
k_施;kanji;施;carry out;;し;ほどこ;onyomi;;23
k_刀;kanji;刀;sword, katana;;とう;かたな;onyomi;;2
k_香;kanji;香;fragrance;;こう, きょう;かお, か;onyomi;;37
k_土;kanji;土;dirt, soil, earth, ground;;ど, と;つち;onyomi;;2
k_奪;kanji;奪;rob;;だつ;うば;kunyomi;;39
k_刺;kanji;刺;stab;;し;さ;onyomi;;26
k_量;kanji;量;quantity, amount;;りょう;はか;onyomi;;24
k_喪;kanji;喪;mourning;;そう;も;onyomi;;42
k_駄;kanji;駄;burdensome;;だ, た;;onyomi;;50
k_子;kanji;子;child, kid;;し, す;こ;onyomi;;2
k_経;kanji;経;passage of time, pass through, manage;;けい;た, へ;onyomi;;20
k_犬;kanji;犬;dog;;けん;いぬ;kunyomi;;2
k_枝;kanji;枝;branch;;し;えだ;onyomi;;34
k_藻;kanji;藻;seaweed;;そう;も;onyomi;;60
k_去;kanji;去;past;;きょ, こ;さ;onyomi;;4
k_小;kanji;小;small, little;;しょう;ちい, こ, お;onyomi;;2
k_申;kanji;申;say humbly, say, humbly say;;しん;もう;kunyomi;;4
k_真;kanji;真;reality;;しん;ま;onyomi;;16
k_無;kanji;無;nothing;;む, ぶ;な;onyomi;;17
k_梅;kanji;梅;ume, japanese plum;;ばい;うめ;kunyomi;;17
k_疫;kanji;疫;epidemic;;えき;;onyomi;;50
k_紳;kanji;紳;gentleman;;しん;;onyomi;;56
k_升;kanji;升;grid, measure;;しょう;ます;kunyomi;;60
k_帥;kanji;帥;commander;;すい;;onyomi;;53
k_放;kanji;放;release;;ほう;はな, ほう;onyomi;;11
k_抜;kanji;抜;extract;;ばつ, はつ, はい;ぬ;kunyomi;;25
k_捨;kanji;捨;throw away;;しゃ;す;kunyomi;;32
k_堕;kanji;堕;degenerate;;だ;お, くず;onyomi;;57
k_俸;kanji;俸;salary;;ほう;;onyomi;;57
k_蒼;kanji;蒼;pale, blue;;そう;あお;onyomi;;57
k_兆;kanji;兆;omen;;ちょう;きざ;onyomi;;37
k_幽;kanji;幽;secluded;;ゆう;;onyomi;;46
k_漁;kanji;漁;fishing;;ぎょ, りょう;あさ;onyomi;;37
k_呂;kanji;呂;bath;;ろ, りょ;せぼね;onyomi;;52
k_胎;kanji;胎;womb, uterus;;たい;;onyomi;;57
k_鐘;kanji;鐘;bell;;しょう;かね;onyomi;;45
k_凛;kanji;凛;cold;;りん;きびし;onyomi;;56
k_孤;kanji;孤;orphan, alone;;こ;;onyomi;;52
k_丁;kanji;丁;street;;ちょう, てい;;onyomi;;2
k_蛮;kanji;蛮;barbarian;;ばん;えびす;onyomi;;60
k_姿;kanji;姿;figure, shape, form;;し;すがた;onyomi;;22
k_渡;kanji;渡;transit;;と;わた;kunyomi;;25
k_了;kanji;了;finish, complete, end;;りょう;;onyomi;;2
k_塚;kanji;塚;mound;;ちょう;つか;kunyomi;;51
k_愚;kanji;愚;foolish;;ぐ;おろ;onyomi;;54
k_肉;kanji;肉;meat;;にく;;onyomi;;5
k_箱;kanji;箱;box;;;はこ;kunyomi;;16
k_絹;kanji;絹;silk;;けん;きぬ;onyomi;;58
k_細;kanji;細;thin;;さい;ほそ, こま;onyomi;;17
k_緩;kanji;緩;loose;;かん;ゆる;kunyomi;;38
k_巾;kanji;巾;towel;;きん;;onyomi;;47
k_結;kanji;結;bind, tie;;けつ;むす, ゆ;onyomi;;17
k_丸;kanji;丸;circle, circular, round;;がん;まる;kunyomi;;2
k_雇;kanji;雇;employ;;こ;やと;onyomi;;39
k_二;kanji;二;two;;に;ふた;onyomi;;1
k_条;kanji;条;clause;;じょう;;onyomi;;21
k_七;kanji;七;seven;;しち;なな, なの;onyomi;;1
k_該;kanji;該;the above, that specifically;;がい;;onyomi;;55
k_入;kanji;入;enter;;にゅう;はい, い;onyomi;;1
k_山;kanji;山;mountain;;さん;やま;onyomi;;1
k_三;kanji;三;three;;さん;み;onyomi;;1
k_床;kanji;床;floor, bed;;しょう;ゆか, とこ;onyomi;;42
k_潜;kanji;潜;conceal;;せん;くぐ, ひそ, もぐ;onyomi;;41
k_又;kanji;又;again;;;また;kunyomi;;2
k_千;kanji;千;thousand;;せん;ち;onyomi;;2
k_俵;kanji;俵;sack;;ひょう;たわら;onyomi;;46
k_夕;kanji;夕;evening;;せき;ゆう;kunyomi;;2
k_斐;kanji;斐;patterned;;い;;onyomi;;39
k_五;kanji;五;five;;ご;いつ;onyomi;;2
k_砕;kanji;砕;smash;;さい;くだ;onyomi;;47
k_六;kanji;六;six;;ろく;む;onyomi;;2
k_中;kanji;中;middle, in, inside, center;;ちゅう;なか;onyomi;;2
k_沖;kanji;沖;open sea;;ちゅう;おき;kunyomi;;36
k_竹;kanji;竹;bamboo;;;たけ;kunyomi;;4
k_慰;kanji;慰;consolation;;い;なぐさ;onyomi;;43
k_四;kanji;四;four;;し;よん, よ;onyomi;;2
k_弥;kanji;弥;increasing;;び, み;や;kunyomi;;55
k_肩;kanji;肩;shoulder;;けん;かた;kunyomi;;24
k_円;kanji;円;yen, round, circle;;えん;まる;onyomi;;2
k_白;kanji;白;white;;はく;しろ, しら;onyomi;;2
k_文;kanji;文;writing, sentence;;ぶん, もん;;onyomi;;2
k_手;kanji;手;hand;;しゅ, ず;て;kunyomi;;2
k_喚;kanji;喚;scream, yell;;かん;わめ;onyomi;;51
k_戸;kanji;戸;door;;こ;と;kunyomi;;3
k_日;kanji;日;sun, day;;にち, じつ;ひ, か, び;onyomi;;2
k_循;kanji;循;circulation, sequential;;じゅん;;onyomi;;55
k_灯;kanji;灯;lamp;;とう;あかり, とも;onyomi;;48
k_木;kanji;木;tree, wood;;もく, ぼく;き, こ;onyomi;;2
k_市;kanji;市;city;;し;いち;onyomi;;3
k_薄;kanji;薄;dilute;;はく;うす;onyomi;;40
k_水;kanji;水;water;;すい;みず;onyomi;;2
k_火;kanji;火;fire;;か;ひ, ほ;onyomi;;2
k_誓;kanji;誓;vow;;せい;ちか;onyomi;;49
k_盟;kanji;盟;alliance;;めい;;onyomi;;36
k_王;kanji;王;king;;おう;;onyomi;;2
k_肥;kanji;肥;obese;;ひ;こ, こえ;onyomi;;25
k_鯉;kanji;鯉;carp, koi;;り;こい;kunyomi;;53
k_出;kanji;出;exit;;しゅつ;で, だ;onyomi;;2
k_因;kanji;因;cause;;いん;よ;onyomi;;17
k_拝;kanji;拝;worship;;はい;おが;onyomi;;34
k_穀;kanji;穀;grain;;こく;;onyomi;;56
k_左;kanji;左;left;;さ;ひだり;onyomi;;2
k_惨;kanji;惨;disaster;;さん, ざん;みじ, いた, むご;onyomi;;53
k_本;kanji;本;book, origin, real, main;;ほん;もと;onyomi;;2
k_形;kanji;形;shape, form, appearance;;けい, ぎょう;かた, かたち;onyomi;;5
k_限;kanji;限;limit;;げん;かぎ;onyomi;;25
k_言;kanji;言;say;;げん, ごん;い, こと;onyomi;;5
k_凹;kanji;凹;concave, hollow;;おう;くぼ, へこ, ぼこ;onyomi;;57
k_里;kanji;里;hometown, village;;り;さと;kunyomi;;5
k_林;kanji;林;forest, grove;;りん;はやし;kunyomi;;5
k_沿;kanji;沿;run alongside;;えん;そ;onyomi;;34
k_乃;kanji;乃;from;;ない;すなわ, なんじ, の;onyomi;;52
k_田;kanji;田;rice paddy, rice field, field;;でん;た;kunyomi;;2
k_正;kanji;正;correct;;せい, しょう;ただ, まさ;onyomi;;2
k_玉;kanji;玉;ball;;ぎょく;たま;kunyomi;;2
k_姉;kanji;姉;older sister, big sister, elder sister;;し;お, あね, ねえ;onyomi;;6
k_製;kanji;製;manufacture;;せい;;onyomi;;24
k_薦;kanji;薦;recommend;;せん;すす;onyomi;;34
k_石;kanji;石;stone;;せき;いし;onyomi;;4
k_目;kanji;目;eye;;もく;め;kunyomi;;2
k_万;kanji;万;ten thousand;;まん, ばん;;onyomi;;3
k_立;kanji;立;stand;;りつ, りゅう;た;onyomi;;2
k_今;kanji;今;now;;こん;いま;onyomi;;3
k_久;kanji;久;long time;;きゅう, く;ひさ;onyomi;;32
k_元;kanji;元;origin;;げん, がん;もと;onyomi;;3
k_航;kanji;航;navigation;;こう;;onyomi;;29
k_籍;kanji;籍;enroll;;せき;;onyomi;;43
k_公;kanji;公;public;;こう;;onyomi;;3
k_内;kanji;内;inside, within;;ない;うち;onyomi;;3
k_分;kanji;分;part, minute, separate, understand;;ぶん, ふん, ぶ;わ;onyomi;;3
k_切;kanji;切;cut;;せつ;き;onyomi;;3
k_推;kanji;推;infer;;すい;お;onyomi;;34
k_束;kanji;束;bundle;;そく;たば;onyomi;;14
k_午;kanji;午;noon;;ご;;onyomi;;3
k_友;kanji;友;friend;;ゆう;とも;onyomi;;3
k_究;kanji;究;research;;きゅう;きわ;onyomi;;8
k_引;kanji;引;pull;;いん;ひ;kunyomi;;3
k_太;kanji;太;fat;;たい, た;ふと;onyomi;;3
k_少;kanji;少;few, a little;;しょう;すこ;onyomi;;3
k_心;kanji;心;heart;;しん;こころ;onyomi;;3
k_徴;kanji;徴;indication, sign;;ちょう;;onyomi;;26
k_父;kanji;父;father, dad;;ふ;ちち, とう;kunyomi;;3
k_牛;kanji;牛;cow;;ぎゅう;うし;onyomi;;3
k_菓;kanji;菓;cake;;か;;onyomi;;26
k_廷;kanji;廷;courts;;てい;;onyomi;;50
k_院;kanji;院;institution;;いん;;onyomi;;10
k_毛;kanji;毛;fur, hair;;もう;け;onyomi;;3
k_忍;kanji;忍;endure;;にん;しの;onyomi;;44
k_卓;kanji;卓;table;;たく;;onyomi;;45
k_霊;kanji;霊;ghost;;れい, りょう;;onyomi;;45
k_止;kanji;止;stop;;し;と, や;onyomi;;3
k_奏;kanji;奏;play music;;そう;かな;onyomi;;38
k_透;kanji;透;transparent;;とう;す;onyomi;;40
k_凶;kanji;凶;villain;;きょう;;onyomi;;45
k_滝;kanji;滝;waterfall;;;たき;kunyomi;;45
k_兄;kanji;兄;older brother, big brother, elder brother;;きょう;あに, にい;onyomi;;5
k_冬;kanji;冬;winter;;とう;ふゆ;kunyomi;;3
k_晴;kanji;晴;clear up;;せい;は;kunyomi;;15
k_跡;kanji;跡;traces;;せき;あと;onyomi;;37
k_秋;kanji;秋;autumn, fall;;;あき;kunyomi;;15
k_北;kanji;北;north;;ほく;きた;onyomi;;3
k_古;kanji;古;old;;こ;ふる;onyomi;;3
k_半;kanji;半;half;;はん;なか;onyomi;;3
k_台;kanji;台;machine;;だい, たい;;onyomi;;3
k_広;kanji;広;wide;;こう;ひろ;kunyomi;;3
k_外;kanji;外;outside;;がい;そと, はず;onyomi;;3
k_母;kanji;母;mother, mom;;ぼ;はは, かあ;kunyomi;;3
k_矢;kanji;矢;arrow;;し;や;kunyomi;;3
k_用;kanji;用;task, use;;よう;もち;onyomi;;3
k_悲;kanji;悲;sad;;ひ;かな;onyomi;;17
k_主;kanji;主;master, main;;しゅ;おも, ぬし;onyomi;;4
k_世;kanji;世;world, generation;;せ, せい;よ;onyomi;;4
k_依;kanji;依;reliant, dependent;;い;よ;onyomi;;36
k_踊;kanji;踊;dance;;よう;おど;kunyomi;;48
k_代;kanji;代;substitute, replace, period, age;;だい;か, かわ, しろ;onyomi;;4
k_他;kanji;他;other;;た;ほか;onyomi;;4
k_写;kanji;写;copy;;しゃ;うつ;onyomi;;4
k_館;kanji;館;public building;;かん;;onyomi;;13
k_号;kanji;号;number;;ごう;;onyomi;;4
k_平;kanji;平;flat, peace;;へい, ひょう, びょう;たいら, ひら;onyomi;;4
k_賛;kanji;賛;agree;;さん;;onyomi;;32
k_払;kanji;払;pay;;ふつ;はら;kunyomi;;35
k_皮;kanji;皮;skin;;ひ;かわ;onyomi;;5
k_打;kanji;打;hit;;だ;う, ぶ;onyomi;;4
k_氷;kanji;氷;ice;;ひょう;こおり;kunyomi;;4
k_河;kanji;河;river;;か;かわ;onyomi;;26
k_造;kanji;造;create;;ぞう;つく;onyomi;;26
k_笠;kanji;笠;conical hat;;;かさ;kunyomi;;44
k_礼;kanji;礼;thanks;;れい;;onyomi;;4
k_皿;kanji;皿;plate, dish;;;さら;kunyomi;;4
k_法;kanji;法;method, law;;ほう;;onyomi;;15
k_先;kanji;先;previous, ahead, past, former;;せん;さき, まず;onyomi;;4
k_税;kanji;税;tax;;ぜい;;onyomi;;21
k_幸;kanji;幸;happiness;;こう;しあわ, さいわ, さち;onyomi;;16
k_書;kanji;書;write, writing;;しょ;か;onyomi;;16
k_字;kanji;字;letter, character, symbol;;じ;;onyomi;;4
k_名;kanji;名;name, famous;;めい, みょう;な;onyomi;;4
k_句;kanji;句;paragraph;;く;;onyomi;;18
k_年;kanji;年;year;;ねん;とし;onyomi;;4
k_阪;kanji;阪;heights, slope;;はん;さか;onyomi;;16
k_株;kanji;株;stocks, shares;;しゅ;かぶ;kunyomi;;24
k_気;kanji;気;energy, spirit;;き, け;いき;onyomi;;4
k_振;kanji;振;shake, wave;;しん;ふ;onyomi;;26
k_察;kanji;察;guess;;さつ;;onyomi;;17
k_百;kanji;百;hundred;;ひゃく;もも;onyomi;;4
k_懐;kanji;懐;nostalgia;;かい;なつ;kunyomi;;30
k_村;kanji;村;village;;そん;むら;kunyomi;;4
k_糸;kanji;糸;thread;;し;いと;kunyomi;;4
k_汗;kanji;汗;sweat;;かん;あせ;kunyomi;;26
k_脳;kanji;脳;brain;;のう;;onyomi;;18
k_烈;kanji;烈;violent, intense;;れつ;はげ;onyomi;;29
k_翌;kanji;翌;the following, following, next;;よく;;onyomi;;30
k_男;kanji;男;man;;だん, なん;おとこ;onyomi;;4
k_町;kanji;町;town;;ちょう;まち;onyomi;;4
k_案;kanji;案;plan;;あん;;onyomi;;22
k_容;kanji;容;form, appearance, shape, figure;;よう;;onyomi;;19
k_昆;kanji;昆;descendants;;こん;;onyomi;;19
k_花;kanji;花;flower;;か, け;はな;kunyomi;;4
k_爆;kanji;爆;explode;;ばく;は;onyomi;;37
k_置;kanji;置;put;;ち;お;onyomi;;22
k_貝;kanji;貝;shellfish, shell;;;かい;kunyomi;;4
k_赤;kanji;赤;red;;せき;あか;kunyomi;;4
k_足;kanji;足;foot, leg, sufficient;;そく;あし, た;onyomi;;4
k_車;kanji;車;car;;しゃ;くるま;onyomi;;4
k_不;kanji;不;not;;ふ;;onyomi;;4
k_仕;kanji;仕;doing, do;;し;つか;onyomi;;4
k_夢;kanji;夢;dream;;む;ゆめ;onyomi;;20
k_尻;kanji;尻;butt, buttocks;;;しり;kunyomi;;20
k_交;kanji;交;mix, mingle;;こう;まじ, ま, か;onyomi;;5
k_廃;kanji;廃;obsolete;;はい;すた;onyomi;;36
k_会;kanji;会;meet;;かい;あ;onyomi;;5
k_光;kanji;光;sunlight, light;;こう;ひかり, ひか;onyomi;;5
k_荷;kanji;荷;luggage;;か;に;kunyomi;;16
k_同;kanji;同;same;;どう;おな;onyomi;;5
k_暖;kanji;暖;warm;;だん;あたた;onyomi;;32
k_補;kanji;補;supplement;;ほ;おぎな;onyomi;;25
k_回;kanji;回;times, revolve;;かい;まわ;onyomi;;5
k_当;kanji;当;correct, right, success;;とう;あ;onyomi;;5
k_多;kanji;多;many, much, lots of;;た;おお;onyomi;;5
k_毎;kanji;毎;every;;まい;ごと;onyomi;;5
k_粋;kanji;粋;stylish;;すい;いき;onyomi;;34
k_池;kanji;池;pond;;ち;いけ;onyomi;;8
k_考;kanji;考;think, consider;;こう;かんが;onyomi;;5
k_潮;kanji;潮;tide;;ちょう;しお;onyomi;;43
k_行;kanji;行;go;;こう, ぎょう;い, おこな, ゆ;onyomi;;5
k_自;kanji;自;self, oneself;;じ, し;;onyomi;;5
k_頃;kanji;頃;approximate;;;ころ, ごろ;kunyomi;;45
k_西;kanji;西;west;;せい, さい;にし;onyomi;;5
k_費;kanji;費;expense, cost;;ひ;つい;onyomi;;22
k_喜;kanji;喜;rejoice, delighted, pleased;;き;よろこ;onyomi;;17
k_作;kanji;作;make;;さく, さ;つく;onyomi;;5
k_府;kanji;府;government;;ふ;;onyomi;;16
k_独;kanji;独;alone;;どく;ひと;onyomi;;26
k_声;kanji;声;voice;;せい;こえ;kunyomi;;5
k_産;kanji;産;give birth, birth;;さん;う;onyomi;;20
k_売;kanji;売;sell;;ばい;う;onyomi;;9
k_崖;kanji;崖;cliff;;がい;がけ;onyomi;;47
k_弟;kanji;弟;younger brother, little brother;;だい, で, てい;おとうと;onyomi;;5
k_宗;kanji;宗;religion;;しゅう;;onyomi;;29
k_看;kanji;看;watch over;;かん;;onyomi;;23
k_衰;kanji;衰;decline;;すい;おとろ;onyomi;;49
k_来;kanji;来;come, next;;らい;く;onyomi;;5
k_社;kanji;社;company;;しゃ;やしろ;onyomi;;5
k_簡;kanji;簡;simplicity;;かん;;onyomi;;33
k_保;kanji;保;preserve, guarantee;;ほ;たも;onyomi;;9
k_角;kanji;角;angle, corner;;かく;かど, つの;onyomi;;5
k_琴;kanji;琴;harp;;;こと;kunyomi;;43
k_谷;kanji;谷;valley;;こく;たに;kunyomi;;5
k_走;kanji;走;run;;そう;はし;onyomi;;5
k_近;kanji;近;near, close;;きん, こん;ちか;onyomi;;5
k_往;kanji;往;depart;;おう;;onyomi;;26
k_麦;kanji;麦;wheat, barley, oats;;ばく;むぎ;kunyomi;;5
k_藤;kanji;藤;wisteria;;とう, どう;ふじ;kunyomi;;22
k_熟;kanji;熟;ripen;;じゅく;う;onyomi;;33
k_占;kanji;占;fortune, occupy;;せん;うらな, し;onyomi;;26
k_敏;kanji;敏;alert;;びん;;onyomi;;40
k_退;kanji;退;retreat, reject;;たい;しりぞ, ひ, ど, の;onyomi;;27
k_学;kanji;学;study, learn, learning;;がく;まな;onyomi;;5
k_金;kanji;金;gold;;きん;かね;onyomi;;5
k_腹;kanji;腹;belly, abdomen, stomach;;ふく;はら, なか;onyomi;;27
k_雨;kanji;雨;rain;;う;あめ, あま;kunyomi;;5
k_草;kanji;草;grass, weed;;そう;くさ;kunyomi;;5
k_青;kanji;青;blue;;せい, しょう;あお;onyomi;;5
k_企;kanji;企;plan;;き;くわだ;onyomi;;21
k_音;kanji;音;sound;;おん;おと, ね;onyomi;;5
k_模;kanji;模;imitation;;も, ぼ;;onyomi;;25
k_化;kanji;化;change;;か;ば;onyomi;;6
k_駆;kanji;駆;gallop;;く;か;kunyomi;;40
k_地;kanji;地;earth, ground;;ち, じ;;onyomi;;6
k_両;kanji;両;both;;りょう;;onyomi;;6
k_軌;kanji;軌;rut;;き;;onyomi;;50
k_芯;kanji;芯;wick;;しん;;onyomi;;47
k_弁;kanji;弁;dialect, speech;;べん;;onyomi;;16
k_全;kanji;全;all, whole;;ぜん;すべ, まった;onyomi;;6
k_向;kanji;向;yonder, facing;;こう;む;onyomi;;6
k_曲;kanji;曲;music, bend;;きょく;ま;onyomi;;6
k_州;kanji;州;state, province, county;;しゅう;;onyomi;;6
k_有;kanji;有;have;;ゆう, う;あ;onyomi;;6
k_任;kanji;任;duty;;にん;まか;onyomi;;21
k_豚;kanji;豚;pork, pig;;とん;ぶた;kunyomi;;26
k_次;kanji;次;next;;じ;つぎ;onyomi;;6
k_死;kanji;死;death;;し;し;onyomi;;6
k_麻;kanji;麻;hemp;;ま;あさ;onyomi;;48
k_国;kanji;国;country;;こく;くに;onyomi;;6
k_羊;kanji;羊;sheep;;よう;ひつじ;onyomi;;6
k_血;kanji;血;blood;;けつ;ち;onyomi;;6
k_夜;kanji;夜;night, evening;;や;よ, よる;onyomi;;6
k_京;kanji;京;capital;;きょう;みやこ;onyomi;;6
k_店;kanji;店;shop, store;;てん;みせ;onyomi;;6
k_妹;kanji;妹;younger sister, little sister;;まい;いもうと;onyomi;;6
k_域;kanji;域;region, boundary;;いき;;onyomi;;22
k_尽;kanji;尽;exhaust;;じん;つ;onyomi;;48
k_明;kanji;明;bright;;めい;あ, あか, あき;onyomi;;6
k_歩;kanji;歩;walk;;ほ;ある, あゆ;onyomi;;6
k_東;kanji;東;east;;とう;ひがし;onyomi;;6
k_画;kanji;画;drawing, picture, painting;;が, かく;;onyomi;;6
k_直;kanji;直;fix, direct;;ちょく, じき;なお;onyomi;;6
k_吾;kanji;吾;i, me;;ご;わが;kunyomi;;46
k_介;kanji;介;jammed in;;かい;;onyomi;;35
k_義;kanji;義;righteousness;;ぎ;;onyomi;;21
k_政;kanji;政;politics, government;;せい;;onyomi;;16
k_柔;kanji;柔;gentle;;じゅう, にゅう;やわ;onyomi;;43
k_将;kanji;将;commander;;しょう;;onyomi;;36
k_知;kanji;知;know;;ち;し;onyomi;;6
k_長;kanji;長;long, leader;;ちょう;なが;onyomi;;6
k_丘;kanji;丘;hill;;きゅう;おか;onyomi;;44
k_常;kanji;常;ordinary, normal, usual;;じょう;つね;onyomi;;17
k_前;kanji;前;front, before;;ぜん;まえ;onyomi;;6
k_刑;kanji;刑;punish;;けい;;onyomi;;37
k_底;kanji;底;bottom;;てい;そこ;kunyomi;;17
k_也;kanji;也;considerably;;や;なり;kunyomi;;45
k_室;kanji;室;room;;しつ;;onyomi;;6
k_央;kanji;央;center, centre;;おう;;onyomi;;4
k_南;kanji;南;south;;なん;みなみ;onyomi;;6
k_憩;kanji;憩;rest;;けい;いこ;onyomi;;47
k_販;kanji;販;sell;;はん;;onyomi;;24
k_馬;kanji;馬;horse;;ば;うま;onyomi;;8
k_塾;kanji;塾;cram school;;じゅく;;onyomi;;45
k_思;kanji;思;think, thought;;し;おも;onyomi;;6
k_準;kanji;準;standard;;じゅん;;onyomi;;23
k_威;kanji;威;majesty;;い;;onyomi;;43
k_溝;kanji;溝;gutter;;こう;みぞ;onyomi;;45
k_釣;kanji;釣;fishing;;ちょう;つ;kunyomi;;44
k_活;kanji;活;lively;;かつ;い;onyomi;;6
k_点;kanji;点;point, decimal, decimal point;;てん;つ;onyomi;;6
k_海;kanji;海;sea, ocean;;かい;うみ;onyomi;;6
k_茶;kanji;茶;tea;;ちゃ, さ;;onyomi;;6
k_科;kanji;科;course, science, department;;か;;onyomi;;6
k_織;kanji;織;weave;;しき, しょく;お;onyomi;;27
k_食;kanji;食;eat, meal;;しょく;た, く;onyomi;;6
k_首;kanji;首;neck;;しゅ;くび;kunyomi;;6
k_欠;kanji;欠;lack;;けつ;か;onyomi;;7
k_観;kanji;観;view;;かん;み;onyomi;;22
k_幻;kanji;幻;illusion;;げん;まぼろし;onyomi;;17
k_奈;kanji;奈;nara;;な;;onyomi;;36
k_氏;kanji;氏;family name, last name, surname;;し;うじ;onyomi;;7
k_訓;kanji;訓;instruction;;くん;よ;onyomi;;18
k_札;kanji;札;bill, tag, label, note;;さつ;ふだ;onyomi;;7
k_由;kanji;由;reason;;ゆう;よし, よ;onyomi;;7
k_貸;kanji;貸;lend;;たい;か;kunyomi;;27
k_辺;kanji;辺;area;;へん;あた, べ;onyomi;;7
k_民;kanji;民;peoples, people, nation;;みん;たみ;onyomi;;7
k_付;kanji;付;attach;;ふ;つ;kunyomi;;7
k_削;kanji;削;whittle down;;さく;けず;onyomi;;37
k_伺;kanji;伺;pay respects;;し;うかが;kunyomi;;41
k_失;kanji;失;fault;;しつ;うしな;onyomi;;7
k_以;kanji;以;from, since, compared with, with, by means of;;い;;onyomi;;7
k_再;kanji;再;again;;さ, さい;ふたた;onyomi;;26
k_必;kanji;必;certain;;ひつ;かなら;onyomi;;7
k_張;kanji;張;stretch;;ちょう;は;onyomi;;23
k_誕;kanji;誕;birth;;たん;;onyomi;;22
k_扱;kanji;扱;handle;;きゅう;あつか;kunyomi;;38
k_未;kanji;未;not yet;;み;ま, いま, ひつじ;onyomi;;7
k_迷;kanji;迷;astray, lost;;めい;まよ;onyomi;;27
k_末;kanji;末;end;;まつ;すえ;onyomi;;7
k_稼;kanji;稼;earnings;;か;かせ;onyomi;;45
k_惑;kanji;惑;misguided;;わく;まど;onyomi;;27
k_潤;kanji;潤;watered;;じゅん;うるお, うる;onyomi;;49
k_渇;kanji;渇;thirst;;かつ;かわ;kunyomi;;30
k_郵;kanji;郵;mail;;ゆう;;onyomi;;26
k_視;kanji;視;look at;;し;み;onyomi;;24
k_諮;kanji;諮;consult;;し;はか;onyomi;;50
k_歳;kanji;歳;years old;;さい, せい;;onyomi;;46
k_若;kanji;若;young;;じゃく;わか, も;kunyomi;;19
k_備;kanji;備;provide, equip;;び;そな;onyomi;;23
k_校;kanji;校;school;;こう;;onyomi;;7
k_街;kanji;街;street;;がい, かい;まち;onyomi;;29
k_夏;kanji;夏;summer;;げ, か, が;なつ;kunyomi;;7
k_詞;kanji;詞;part of speech, speech particle, particle of speech, grammar particle;;し;;onyomi;;19
k_眼;kanji;眼;eyeball;;がん;め;onyomi;;32
k_堅;kanji;堅;solid;;けん;かた;kunyomi;;42
k_忙;kanji;忙;busy;;ぼう;いそが;onyomi;;19
k_団;kanji;団;group;;だん, とん;;onyomi;;19
k_履;kanji;履;boots;;り;は;onyomi;;19
k_家;kanji;家;house, home;;か, け;いえ, や, うち;onyomi;;7
k_煮;kanji;煮;boil;;しゃ;に;kunyomi;;49
k_芝;kanji;芝;lawn;;し;しば;kunyomi;;42
k_弱;kanji;弱;weak;;じゃく;よわ;onyomi;;7
k_班;kanji;班;squad;;はん;;onyomi;;48
k_時;kanji;時;time, o'clock, hour;;じ;とき;onyomi;;7
k_租;kanji;租;tariff;;そ;;onyomi;;46
k_紙;kanji;紙;paper;;し;かみ;kunyomi;;7
k_坊;kanji;坊;monk;;ぼう;;onyomi;;22
k_記;kanji;記;write down, record;;き;しる;onyomi;;7
k_奮;kanji;奮;stirred up;;ふん;ふる;onyomi;;50
k_営;kanji;営;manage;;えい;いとな;onyomi;;22
k_通;kanji;通;pass through;;つう;とお, かよ;onyomi;;7
k_高;kanji;高;tall, expensive, high;;こう;たか;onyomi;;7
k_教;kanji;教;teach;;きょう;おし, おそ;onyomi;;7
k_強;kanji;強;strong, strength;;きょう;つよ;onyomi;;7
k_理;kanji;理;reason;;り;ことわり;onyomi;;7
k_枯;kanji;枯;wither;;こ;か;onyomi;;51
k_暮;kanji;暮;livelihood;;ぼ;く;onyomi;;33
k_組;kanji;組;group, association, team;;そ;くみ;onyomi;;7
k_船;kanji;船;boat, ship;;せん;ふね;onyomi;;7
k_逮;kanji;逮;apprehend;;たい;;onyomi;;25
k_雪;kanji;雪;snow;;せつ;ゆき;kunyomi;;7
k_週;kanji;週;week;;しゅう;;onyomi;;7
k_虎;kanji;虎;tiger;;こ;とら;kunyomi;;41
k_泡;kanji;泡;bubbles;;ほう;あわ;onyomi;;46
k_就;kanji;就;settle in;;しゅう;つ;onyomi;;27
k_殖;kanji;殖;multiply;;しょく;ふ;onyomi;;40
k_黄;kanji;黄;yellow;;おう;き;kunyomi;;7
k_鳥;kanji;鳥;bird;;ちょう;とり;onyomi;;7
k_換;kanji;換;exchange;;かん;か;onyomi;;36
k_枢;kanji;枢;hinge;;すう;からくり;onyomi;;42
k_黒;kanji;黒;black;;こく;くろ;onyomi;;7
k_油;kanji;油;oil;;ゆ;あぶら;onyomi;;35
k_菜;kanji;菜;vegetable;;さい;な;onyomi;;31
k_住;kanji;住;dwelling, reside, dwell;;じゅう;す;onyomi;;8
k_支;kanji;支;support, branch;;し;ささ;onyomi;;8
k_析;kanji;析;analysis;;せき;;onyomi;;42
k_繁;kanji;繁;overgrown;;はん;しげ;onyomi;;40
k_助;kanji;助;help;;じょ;たす, すけ;onyomi;;8
k_旨;kanji;旨;point, delicious;;し;うま, むね;onyomi;;43
k_医;kanji;医;medicine;;い;;onyomi;;8
k_離;kanji;離;detach;;り;はな;onyomi;;31
k_討;kanji;討;chastise;;とう;;onyomi;;26
k_君;kanji;君;buddy;;くん;きみ;onyomi;;8
k_給;kanji;給;salary;;きゅう;たま;onyomi;;27
k_源;kanji;源;origin;;げん;みなもと;onyomi;;34
k_役;kanji;役;service, duty;;やく;;onyomi;;8
k_対;kanji;対;versus, opposite;;たい;;onyomi;;8
k_局;kanji;局;bureau, department;;きょく;;onyomi;;8
k_投;kanji;投;throw;;とう;な;onyomi;;8
k_酸;kanji;酸;acid;;さん;す;onyomi;;32
k_決;kanji;決;decide, decision;;けつ;き;onyomi;;8
k_押;kanji;押;push;;おう;お;kunyomi;;30
k_武;kanji;武;military;;ぶ, む;たけ;onyomi;;24
k_華;kanji;華;showy, flower, gorgeous;;か;はな;onyomi;;31
k_励;kanji;励;encourage;;れい;はげ;onyomi;;26
k_滋;kanji;滋;nourishing;;じ;;onyomi;;43
k_艦;kanji;艦;warship;;かん;;onyomi;;41
k_場;kanji;場;location, place;;じょう;ば;onyomi;;8
k_昇;kanji;昇;ascend;;しょう;のぼ;onyomi;;27
k_従;kanji;従;obey, accompany, follow;;じゅう;したが;onyomi;;26
k_駒;kanji;駒;chess piece;;く;こま;kunyomi;;49
k_刻;kanji;刻;carve;;こく;きざ;onyomi;;34
k_報;kanji;報;news, report;;ほう;むく;onyomi;;18
k_朝;kanji;朝;morning;;ちょう;あさ;kunyomi;;8
k_祈;kanji;祈;pray;;き;いの;onyomi;;18
k_憲;kanji;憲;constitution;;けん;;onyomi;;28
k_侵;kanji;侵;invade;;しん;おか;onyomi;;41
k_衆;kanji;衆;populace;;しゅう;;onyomi;;28
k_側;kanji;側;side;;そく;がわ, そば;kunyomi;;17
k_獣;kanji;獣;beast, animal;;じゅう;けもの;onyomi;;26
k_概;kanji;概;approximation;;がい;おおむ;onyomi;;49
k_留;kanji;留;detain;;る, りゅう;と;onyomi;;16
k_等;kanji;等;equal;;とう;ひと, など;onyomi;;18
k_汽;kanji;汽;steam;;き;;onyomi;;18
k_借;kanji;借;borrow;;しゃく;か;onyomi;;18
k_障;kanji;障;hinder;;しょう;さわ;onyomi;;26
k_賂;kanji;賂;bribe;;ろ;;onyomi;;38
k_症;kanji;症;symptom;;しょう;;onyomi;;27
k_棄;kanji;棄;abandon;;き;;onyomi;;41
k_鬱;kanji;鬱;gloom;;うつ;;onyomi;;50
k_粒;kanji;粒;grains;;りゅう;つぶ;onyomi;;44
k_禅;kanji;禅;zen, zen buddhism;;ぜん;;onyomi;;18
k_紫;kanji;紫;purple;;し;むらさき;onyomi;;49
k_応;kanji;応;respond;;おう;;onyomi;;22
k_締;kanji;締;tighten;;てい;し;onyomi;;27
k_番;kanji;番;number in a series, turn, ordinal number;;ばん;;onyomi;;8
k_叱;kanji;叱;scold;;;しか;kunyomi;;44
k_鋭;kanji;鋭;sharp;;えい;するど;onyomi;;40
k_迫;kanji;迫;urge, compel, coerce;;はく;せま;onyomi;;27
k_療;kanji;療;heal;;りょう;;onyomi;;36
k_索;kanji;索;search;;さく;;onyomi;;29
k_靴;kanji;靴;shoes;;か;くつ;kunyomi;;27
k_磁;kanji;磁;magnet;;じ;;onyomi;;34
k_妊;kanji;妊;pregnant;;にん;;onyomi;;38
k_答;kanji;答;answer, response, reply;;とう;こた;kunyomi;;8
k_臨;kanji;臨;look to;;りん;のぞ;onyomi;;37
k_遂;kanji;遂;accomplish;;すい;と, つい;onyomi;;48
k_垣;kanji;垣;hedge, fence;;;かき;kunyomi;;43
k_舟;kanji;舟;boat;;しゅう;ふね, ふな;kunyomi;;45
k_絵;kanji;絵;drawing, painting;;え;;onyomi;;8
k_紹;kanji;紹;introduce;;しょう;;onyomi;;35
k_殴;kanji;殴;assault;;おう;なぐ;onyomi;;48
k_井;kanji;井;well;;しょう;い;onyomi;;45
k_耐;kanji;耐;resistant;;たい;た;onyomi;;48
k_阻;kanji;阻;thwart;;そ;はば;onyomi;;46
k_買;kanji;買;buy;;ばい;か;kunyomi;;8
k_銅;kanji;銅;copper;;どう;あかがね;onyomi;;35
k_禁;kanji;禁;prohibit, prohibition;;きん;;onyomi;;18
k_道;kanji;道;road, street, path, way;;どう;みち;onyomi;;8
k_蒸;kanji;蒸;steam;;じょう;む;onyomi;;33
k_革;kanji;革;leather;;かく;かわ;onyomi;;23
k_党;kanji;党;party, group;;とう;;onyomi;;32
k_譲;kanji;譲;defer;;じょう;ゆず;onyomi;;39
k_喫;kanji;喫;consume;;きつ;の;onyomi;;18
k_総;kanji;総;whole;;そう;;onyomi;;21
k_謀;kanji;謀;conspire;;ぼう;はか;onyomi;;49
k_摘;kanji;摘;pluck;;てき;つ;onyomi;;36
k_純;kanji;純;pure;;じゅん;;onyomi;;34
k_猿;kanji;猿;monkey;;えん;さる;kunyomi;;46
k_淀;kanji;淀;eddy;;;よど;kunyomi;;50
k_厳;kanji;厳;strict;;げん, ごん;きび, おごそ;onyomi;;32
k_雲;kanji;雲;cloud;;うん;くも;kunyomi;;8
k_楽;kanji;楽;comfort, ease, pleasure;;らく, がく;たの;onyomi;;8
k_堀;kanji;堀;ditch;;くつ;ほり;kunyomi;;40
k_菊;kanji;菊;chrysanthemum;;きく;;onyomi;;46
k_話;kanji;話;talk, speak;;わ;はな, はなし;onyomi;;8
k_飢;kanji;飢;starve;;き;う;onyomi;;48
k_牙;kanji;牙;fang, tusk;;げ, が;きば;onyomi;;36
k_斉;kanji;斉;simultaneous;;せい, さい;;onyomi;;43
k_彫;kanji;彫;carve;;ちょう;ほ;onyomi;;35
k_過;kanji;過;surpass;;か;す, あやま;onyomi;;22
k_所;kanji;所;place;;しょ;ところ;onyomi;;8
k_針;kanji;針;needle;;しん;はり;onyomi;;26
k_健;kanji;健;healthy;;けん;;onyomi;;27
k_拳;kanji;拳;fist;;けん, げん;こぶし;onyomi;;41
k_康;kanji;康;ease, peace;;こう;;onyomi;;27
k_縮;kanji;縮;shrink;;しゅく;ちぢ, ちじ;onyomi;;34
k_証;kanji;証;evidence, proof;;しょう;あかし;onyomi;;16
k_郎;kanji;郎;guy;;ろう;;onyomi;;27
k_使;kanji;使;use;;し;つか;onyomi;;9
k_事;kanji;事;action, matter, thing;;じ;こと, つか;onyomi;;9
k_越;kanji;越;go beyond;;えつ;こ;onyomi;;30
k_彰;kanji;彰;clear, patent;;しょう;;onyomi;;50
k_具;kanji;具;tool;;ぐ;;onyomi;;9
k_机;kanji;机;desk;;き;つくえ;kunyomi;;32
k_姓;kanji;姓;surname, family name;;せい, しょう;;onyomi;;36
k_催;kanji;催;sponsor;;さい;もよお;onyomi;;29
k_刊;kanji;刊;edition;;かん;;onyomi;;38
k_始;kanji;始;begin, start;;し;はじ;onyomi;;10
k_併;kanji;併;join;;へい;あわ;onyomi;;38
k_桑;kanji;桑;mulberry;;そう;くわ;kunyomi;;49
k_定;kanji;定;determine;;てい, じょう;さだ;onyomi;;9
k_損;kanji;損;loss;;そん;そこ;onyomi;;34
k_筒;kanji;筒;cylinder, tube;;とう;つつ;onyomi;;43
k_実;kanji;実;truth, reality;;じつ;み;onyomi;;9
k_服;kanji;服;clothes, clothing;;ふく;;onyomi;;9
k_巨;kanji;巨;giant;;きょ;;onyomi;;28
k_塔;kanji;塔;tower;;とう;;onyomi;;44
k_泳;kanji;泳;swim;;えい;およ;kunyomi;;9
k_称;kanji;称;title;;しょう;とな, たた, ほめ;onyomi;;38
k_苦;kanji;苦;suffering;;く;くる, にが;onyomi;;9
k_庫;kanji;庫;storage, warehouse;;こ;くら;onyomi;;28
k_炎;kanji;炎;flame, blaze;;えん;ほのお;onyomi;;35
k_拓;kanji;拓;cultivation;;たく;;onyomi;;49
k_髪;kanji;髪;hair;;はつ;かみ;kunyomi;;44
k_猛;kanji;猛;fierce;;もう;;onyomi;;29
k_巻;kanji;巻;scroll;;かん;ま;onyomi;;25
k_児;kanji;児;child;;じ;こ;onyomi;;28
k_差;kanji;差;distinction;;さ;さ;onyomi;;24
k_狙;kanji;狙;aim;;そ;ねら;onyomi;;37
k_寄;kanji;寄;approach;;き;よ;onyomi;;29
k_表;kanji;表;express;;ひょう;あらわ, おもて;onyomi;;9
k_酢;kanji;酢;vinegar;;さく;す;kunyomi;;35
k_儀;kanji;儀;ceremony;;ぎ;;onyomi;;41
k_乗;kanji;乗;ride;;じょう;の;kunyomi;;9
k_部;kanji;部;part, department, club;;ぶ;へ;onyomi;;9
k_彼;kanji;彼;he;;ひ;かれ, かの;kunyomi;;35
k_史;kanji;史;history;;し;;onyomi;;19
k_御;kanji;御;honorable;;ご, ぎょ;お, おん, み;onyomi;;39
k_客;kanji;客;guest, customer;;きゃく;;onyomi;;9
k_寸;kanji;寸;measurement;;すん;;onyomi;;44
k_桜;kanji;桜;sakura, cherry tree, cherry blossom;;おう, よう;さくら;kunyomi;;32
k_煙;kanji;煙;smoke;;えん;けむ, けむり;onyomi;;18
k_訴;kanji;訴;sue;;そ;うった;onyomi;;25
k_執;kanji;執;tenacious;;しゅう, しつ;と;onyomi;;37
k_価;kanji;価;value;;か;あたい;onyomi;;22
k_般;kanji;般;generally, general;;はん;;onyomi;;36
k_肌;kanji;肌;skin;;き;はだ;kunyomi;;45
k_届;kanji;届;deliver;;;とど;kunyomi;;24
k_解;kanji;解;untie, solve;;かい;と;onyomi;;21
k_処;kanji;処;deal with;;しょ;ところ;onyomi;;28
k_墟;kanji;墟;ruins;;きょ;;onyomi;;41
k_度;kanji;度;degrees, occurrence;;ど, たく;たび;onyomi;;9
k_屋;kanji;屋;roof, shop, store;;おく;や;kunyomi;;9
k_婚;kanji;婚;marriage;;こん;;onyomi;;30
k_浸;kanji;浸;immersed;;しん;ひた;onyomi;;49
k_待;kanji;待;wait;;たい;ま;onyomi;;12
k_卵;kanji;卵;egg;;らん;たまご;kunyomi;;32
k_持;kanji;持;hold;;じ;も;onyomi;;9
k_豆;kanji;豆;beans;;とう;まめ;onyomi;;34
k_涼;kanji;涼;cool;;りょう;すず;onyomi;;46
k_腐;kanji;腐;rot;;ふ;くさ;onyomi;;34
k_径;kanji;径;diameter;;けい;;onyomi;;31
k_発;kanji;発;departure;;はつ;;onyomi;;9
k_界;kanji;界;world;;かい;;onyomi;;9
k_永;kanji;永;eternity;;えい;;onyomi;;32
k_型;kanji;型;model, type;;けい;かた;onyomi;;24
k_操;kanji;操;manipulate, chastity;;そう;あやつ, みさお;onyomi;;33
k_混;kanji;混;mix;;こん;ま;onyomi;;19
k_諸;kanji;諸;various;;しょ;もろ;onyomi;;33
k_清;kanji;清;pure;;せい, しょう, しん;きよ;onyomi;;28
k_伸;kanji;伸;stretch;;しん;の;kunyomi;;36
k_覆;kanji;覆;capsize, cover;;ふく;おお, くつがえ;onyomi;;49
k_穴;kanji;穴;hole, cave;;けつ;あな;kunyomi;;20
k_僕;kanji;僕;i, me;;ぼく;;onyomi;;12
k_酎;kanji;酎;sake;;ちゅう, ちゅ;かも;onyomi;;41
k_相;kanji;相;mutual;;そう, しょう;あい;onyomi;;9
k_則;kanji;則;rule;;そく;のっと;onyomi;;23
k_彩;kanji;彩;coloring, colouring;;さい;いろど;onyomi;;48
k_撤;kanji;撤;withdrawal;;てつ;;onyomi;;41
k_演;kanji;演;perform, performance;;えん;;onyomi;;23
k_招;kanji;招;beckon;;しょう;まね;onyomi;;27
k_県;kanji;県;prefecture;;けん;;onyomi;;9
k_美;kanji;美;beauty, beautiful;;び, み;うつく;onyomi;;9
k_奴;kanji;奴;dude;;ど;やつ;onyomi;;34
k_増;kanji;増;increase;;ぞう;ふ, ま;onyomi;;21
k_負;kanji;負;lose;;ふ;ま, お;onyomi;;9
k_諾;kanji;諾;agreement;;だく;;onyomi;;36
k_重;kanji;重;heavy;;じゅう, ちょう;おも, かさ, え;onyomi;;9
k_送;kanji;送;send;;そう;おく;onyomi;;9
k_粧;kanji;粧;cosmetics;;しょう;;onyomi;;47
k_縄;kanji;縄;rope;;じょう;なわ;onyomi;;36
k_塁;kanji;塁;base, baseball base;;るい;;onyomi;;37
k_枕;kanji;枕;pillow;;しん;まくら;kunyomi;;30
k_談;kanji;談;discuss;;だん;;onyomi;;9
k_仮;kanji;仮;temporary;;か;かり;onyomi;;9
k_要;kanji;要;need;;よう;い, かなめ;onyomi;;9
k_戻;kanji;戻;return;;れい;もど;kunyomi;;37
k_勝;kanji;勝;win, victory;;しょう;か;onyomi;;9
k_呪;kanji;呪;curse;;じゅ;のろ;kunyomi;;45
k_呼;kanji;呼;call;;こ;よ;kunyomi;;23
k_起;kanji;起;wake up;;き;お;kunyomi;;10
k_配;kanji;配;distribute;;はい;くば;onyomi;;10
k_曜;kanji;曜;weekday, day of the week;;よう;;onyomi;;16
k_接;kanji;接;adjoin;;せつ;つ;onyomi;;26
k_密;kanji;密;secrecy;;みつ;ひそ;onyomi;;32
k_誇;kanji;誇;pride;;こ;ほこ;onyomi;;46
k_偽;kanji;偽;fake;;ぎ;にせ, いつわ;onyomi;;41
k_終;kanji;終;end, finish;;しゅう;おわ, お;onyomi;;10
k_酒;kanji;酒;alcohol;;しゅ;さけ, さか;onyomi;;10
k_承;kanji;承;consent;;しょう;うけたまわ;onyomi;;34
k_霧;kanji;霧;fog;;む;きり;kunyomi;;47
k_即;kanji;即;instant;;そく;すなわ;onyomi;;43
k_尋;kanji;尋;inquire;;じん;たず, ひろ;onyomi;;31
k_牧;kanji;牧;pasture;;ぼく;まき;onyomi;;43
k_畜;kanji;畜;livestock;;ちく;;onyomi;;48
k_斜;kanji;斜;diagonal;;しゃ;なな;onyomi;;48
k_習;kanji;習;learn;;しゅう;なら;onyomi;;10
k_募;kanji;募;recruit;;ぼ;つの;onyomi;;37
k_転;kanji;転;revolve;;てん;ころ;onyomi;;10
k_評;kanji;評;evaluate;;ひょう;;onyomi;;21
k_錬;kanji;錬;tempering;;れん;ね;onyomi;;46
k_虹;kanji;虹;rainbow;;こう;にじ;kunyomi;;47
k_塗;kanji;塗;paint;;と;ぬ;onyomi;;48
k_婦;kanji;婦;wife;;ふ;;onyomi;;28
k_麗;kanji;麗;lovely;;れい;うるわ;onyomi;;28
k_符;kanji;符;token;;ふ;;onyomi;;30
k_進;kanji;進;advance;;しん;すす;onyomi;;10
k_微;kanji;微;delicate;;び;かす;onyomi;;28
k_乳;kanji;乳;milk;;にゅう;ちち;onyomi;;23
k_遠;kanji;遠;far;;えん;とお;onyomi;;16
k_益;kanji;益;benefit;;えき;;onyomi;;28
k_誉;kanji;誉;honor;;よ;ほ;onyomi;;40
k_移;kanji;移;shift;;い;うつ;onyomi;;28
k_棒;kanji;棒;pole, rod, wooden pole;;ぼう;;onyomi;;31
k_論;kanji;論;theory;;ろん;;onyomi;;20
k_葉;kanji;葉;leaf, leaves;;よう;は, ば;kunyomi;;10
k_砲;kanji;砲;cannon;;ほう;;onyomi;;44
k_運;kanji;運;carry, luck;;うん;はこ;onyomi;;10
k_軽;kanji;軽;lightweight, light, light weight;;けい;かる, かろ;kunyomi;;10
k_伎;kanji;伎;deed;;き;わざ;onyomi;;36
k_開;kanji;開;open;;かい;あ, ひら;onyomi;;10
k_眠;kanji;眠;sleep;;みん;ねむ;onyomi;;27
k_怖;kanji;怖;scary;;ふ;こわ;onyomi;;29
k_集;kanji;集;collect, gather;;しゅう;あつ;onyomi;;10
k_挿;kanji;挿;insert;;そう;さ;onyomi;;47
k_漂;kanji;漂;drift;;ひょう;ただよ;onyomi;;50
k_熊;kanji;熊;bear;;;くま;kunyomi;;35
k_謙;kanji;謙;modesty;;けん;;onyomi;;39
k_飲;kanji;飲;drink;;いん;の;kunyomi;;10
k_層;kanji;層;layer;;そう;;onyomi;;24
k_漢;kanji;漢;chinese, china;;かん;;onyomi;;10
k_業;kanji;業;business;;ぎょう;;onyomi;;10
k_防;kanji;防;prevent, prevention;;ぼう;ふせ;onyomi;;20
k_蟹;kanji;蟹;crab;;;かに;kunyomi;;50
k_路;kanji;路;road;;ろ;じ, みち;onyomi;;10
k_阜;kanji;阜;mound;;ふ;;onyomi;;39
k_充;kanji;充;allocate;;じゅう;あ, み;onyomi;;39
k_職;kanji;職;employment;;しょく;;onyomi;;23
k_還;kanji;還;send back;;かん;かえ;onyomi;;38
k_権;kanji;権;rights;;けん;;onyomi;;21
k_隆;kanji;隆;prosperity;;りゅう;;onyomi;;39
k_鉄;kanji;鉄;iron;;てつ;;onyomi;;10
k_精;kanji;精;spirit, pure;;せい;;onyomi;;28
k_算;kanji;算;calculate, calculation;;さん;そろ;onyomi;;10
k_歌;kanji;歌;song, sing;;か;うた;onyomi;;10
k_妙;kanji;妙;strange;;みょう;たえ;onyomi;;28
k_抗;kanji;抗;confront;;こう;あらが;onyomi;;37
k_耳;kanji;耳;ear, ears;;じ;みみ;kunyomi;;4
k_件;kanji;件;matter, affair;;けん;;onyomi;;21
k_騒;kanji;騒;boisterous;;そう;さわ;onyomi;;30
k_如;kanji;如;likeness;;じょ;ごと;onyomi;;47
k_聞;kanji;聞;hear;;ぶん, もん;き;onyomi;;10
k_語;kanji;語;language;;ご;かた;onyomi;;10
k_段;kanji;段;steps, stairs;;だん;;onyomi;;27
k_梨;kanji;梨;pear;;;なし;kunyomi;;44
k_傘;kanji;傘;umbrella;;さん;かさ;kunyomi;;28
k_攻;kanji;攻;aggression;;こう;せ;onyomi;;28
k_乾;kanji;乾;dry;;かん;かわ, ほ;onyomi;;29
k_顔;kanji;顔;face;;がん;かお;kunyomi;;10
k_幾;kanji;幾;how many, how much;;き;いく;kunyomi;;31
k_老;kanji;老;elderly;;ろう;;onyomi;;11
k_庄;kanji;庄;manor;;しょう;;onyomi;;46
k_亭;kanji;亭;restaurant;;てい;;onyomi;;50
k_努;kanji;努;toil;;ど;つと;onyomi;;11
k_位;kanji;位;rank;;い;くらい;onyomi;;11
k_韓;kanji;韓;korea;;かん;;onyomi;;29
k_鉢;kanji;鉢;bowl;;はち;;onyomi;;48
k_師;kanji;師;teacher, expert, master;;し;;onyomi;;23
k_岸;kanji;岸;coast, shore;;がん;きし;onyomi;;11
k_昔;kanji;昔;long ago, long time ago;;;むかし;kunyomi;;11
k_閣;kanji;閣;the cabinet, cabinet;;かく;;onyomi;;29
k_崎;kanji;崎;cape;;き;さき;kunyomi;;23
k_汚;kanji;汚;dirty;;お;よご, きたな, けが;onyomi;;32
k_味;kanji;味;flavor, taste;;み;あじ;onyomi;;11
k_積;kanji;積;accumulate;;せき;つ;onyomi;;29
k_督;kanji;督;coach;;とく;;onyomi;;29
k_娘;kanji;娘;daughter;;;むすめ;kunyomi;;29
k_根;kanji;根;root;;こん;ね;onyomi;;12
k_描;kanji;描;draw;;びょう;か, えが;onyomi;;38
k_副;kanji;副;vice, side;;ふく;;onyomi;;22
k_律;kanji;律;law;;りつ;;onyomi;;23
k_詰;kanji;詰;stuffed;;きつ, きち;つ, づ;kunyomi;;29
k_魅;kanji;魅;alluring;;み;;onyomi;;30
k_照;kanji;照;illuminate;;しょう;て;onyomi;;30
k_系;kanji;系;lineage;;けい;;onyomi;;30
k_遊;kanji;遊;play;;ゆう;あそ;onyomi;;30
k_旗;kanji;旗;flag;;き;はた;onyomi;;30
k_預;kanji;預;deposit;;よ;あず;onyomi;;30
k_階;kanji;階;floor, story, storey;;かい;;onyomi;;12
k_爪;kanji;爪;claw;;そう;つま, つめ;kunyomi;;34
k_延;kanji;延;prolong;;えん;のば, の;onyomi;;30
k_泊;kanji;泊;overnight;;はく;と;onyomi;;42
k_湯;kanji;湯;hot water;;とう;ゆ;kunyomi;;12
k_登;kanji;登;climb;;とう, と;のぼ;onyomi;;12
k_質;kanji;質;quality;;しつ, しち;;onyomi;;24
k_荒;kanji;荒;wild;;こう;あ, あら;kunyomi;;42
k_覧;kanji;覧;look at;;らん;;onyomi;;30
k_塊;kanji;塊;lump;;かい;かたまり;kunyomi;;45
k_更;kanji;更;again, renew;;こう;さら, ふ;onyomi;;30
k_短;kanji;短;short;;たん;みじか;onyomi;;12
k_野;kanji;野;field;;や;の;onyomi;;12
k_難;kanji;難;difficult;;なん;むずか;onyomi;;20
k_反;kanji;反;anti;;はん;;onyomi;;8
k_浮;kanji;浮;float;;ふ;う, うわ;kunyomi;;30
k_緑;kanji;緑;green;;りょく;みどり;kunyomi;;13
k_盗;kanji;盗;steal;;とう;ぬす;onyomi;;30
k_浜;kanji;浜;beach;;ひん;はま;kunyomi;;28
k_融;kanji;融;dissolve;;ゆう;;onyomi;;31
k_駅;kanji;駅;station, train station;;えき;;onyomi;;13
k_殺;kanji;殺;kill;;さつ;ころ;onyomi;;13
k_既;kanji;既;previously;;き;すで;onyomi;;31
k_除;kanji;除;exclude, remove;;じょ, じ;のぞ;onyomi;;31
k_寝;kanji;寝;lie down, lay down, sleep;;しん;ね;kunyomi;;22
k_鏡;kanji;鏡;mirror;;きょう;かがみ;kunyomi;;13
k_願;kanji;願;request;;がん;ねが, ねがい;onyomi;;13
k_閉;kanji;閉;closed, close, closure;;へい;し, と;onyomi;;33
k_豪;kanji;豪;luxurious;;ごう;;onyomi;;31
k_芽;kanji;芽;sprout;;が;め;kunyomi;;44
k_例;kanji;例;example;;れい;たと;onyomi;;14
k_掃;kanji;掃;sweep;;そう;は;onyomi;;31
k_泥;kanji;泥;mud;;でい;どろ;onyomi;;31
k_驚;kanji;驚;surprised;;きょう;おどろ;onyomi;;31
k_銀;kanji;銀;silver;;ぎん;;onyomi;;13
k_囲;kanji;囲;surround;;い;かこ;onyomi;;14
k_固;kanji;固;hard;;こ;かた;onyomi;;14
k_濃;kanji;濃;thick;;のう;こ;onyomi;;27
k_季;kanji;季;seasons;;き;;onyomi;;14
k_見;kanji;見;see;;けん;み;kunyomi;;4
k_完;kanji;完;perfect;;かん;;onyomi;;14
k_編;kanji;編;knit;;へん;あ;onyomi;;31
k_倉;kanji;倉;warehouse;;そう;くら;onyomi;;31
k_隊;kanji;隊;squad;;たい;;onyomi;;28
k_孫;kanji;孫;grandchild;;そん;まご;onyomi;;31
k_双;kanji;双;pair;;そう;ふた;onyomi;;42
k_松;kanji;松;pine, pine tree;;しょう;まつ;kunyomi;;14
k_勧;kanji;勧;recommend;;かん;すす;onyomi;;39
k_巣;kanji;巣;nest;;そう;す;kunyomi;;31
k_帯;kanji;帯;belt;;たい;おび;onyomi;;31
k_性;kanji;性;gender, nature, sex;;せい, しょう;;onyomi;;14
k_救;kanji;救;rescue;;きゅう;すく;onyomi;;31
k_天;kanji;天;heaven;;てん;あま;onyomi;;2
k_能;kanji;能;ability;;のう;;onyomi;;14
k_休;kanji;休;rest;;きゅう;やす;onyomi;;4
k_欧;kanji;欧;europe;;おう;;onyomi;;29
k_賞;kanji;賞;prize;;しょう;;onyomi;;13
k_粉;kanji;粉;powder;;ふん;こな, こ;onyomi;;31
k_術;kanji;術;art;;じゅつ;;onyomi;;14
k_私;kanji;私;i, private;;し;わたし;onyomi;;6
k_衛;kanji;衛;defense;;えい;;onyomi;;32
k_妥;kanji;妥;gentle;;だ;;onyomi;;14
k_雰;kanji;雰;atmosphere;;ふん;;onyomi;;14
k_骨;kanji;骨;bone;;こつ;ほね;onyomi;;14
k_唯;kanji;唯;solely;;ゆい;ただ;onyomi;;49
k_才;kanji;才;genius;;さい;;onyomi;;2
k_貨;kanji;貨;freight;;か;;onyomi;;31
k_陸;kanji;陸;land;;りく;;onyomi;;31
k_昼;kanji;昼;noon;;ちゅう;ひる;kunyomi;;15
k_列;kanji;列;row;;れつ;;onyomi;;15
k_区;kanji;区;district, ward;;く;;onyomi;;15
k_託;kanji;託;consign;;たく;かこ;onyomi;;38
k_計;kanji;計;measure, measurement;;けい;はか;onyomi;;15
k_岡;kanji;岡;hill;;;おか;kunyomi;;21
k_坂;kanji;坂;slope;;はん;さか;kunyomi;;15
k_恩;kanji;恩;kindness;;おん;;onyomi;;32
k_批;kanji;批;criticism;;ひ;;onyomi;;21
k_訪;kanji;訪;visit;;ほう;たず, おとず;onyomi;;27
k_迎;kanji;迎;welcome;;げい;むか;onyomi;;32
k_似;kanji;似;resemble;;ね, じ;に;onyomi;;31
k_序;kanji;序;preface;;じょ;つい, ついで;onyomi;;32
k_毒;kanji;毒;poison;;どく;;onyomi;;15
k_右;kanji;右;right;;ゆう, う;みぎ;onyomi;;2
k_棟;kanji;棟;pillar;;とう;;onyomi;;46
k_駐;kanji;駐;resident;;ちゅう;;onyomi;;40
k_数;kanji;数;count, number, amount;;すう;かぞ, かず;onyomi;;8
k_令;kanji;令;orders;;れい;;onyomi;;11
k_績;kanji;績;exploits;;せき;;onyomi;;32
k_幕;kanji;幕;curtain;;まく, ばく;とばり;onyomi;;34
k_係;kanji;係;connection;;けい;かか, かかり;onyomi;;16
k_式;kanji;式;ritual, ceremony, equation;;しき;;onyomi;;15
k_均;kanji;均;equal;;きん;ひと;onyomi;;31
k_取;kanji;取;take;;しゅ;と;onyomi;;16
k_査;kanji;査;inspect, investigate, inspection, investigation;;さ;;onyomi;;21
k_背;kanji;背;back, height;;はい;せ, そむ;onyomi;;30
k_信;kanji;信;believe, trust;;しん;;onyomi;;15
k_胃;kanji;胃;stomach;;い;;onyomi;;27
k_鹿;kanji;鹿;deer;;ろく;か, しか;kunyomi;;36
k_単;kanji;単;simple;;たん;;onyomi;;15
k_勇;kanji;勇;courage, bravery, valor, valour;;ゆう;いさ;onyomi;;15
k_宝;kanji;宝;treasure;;ほう;たから;onyomi;;4
k_瞬;kanji;瞬;blink;;しゅん;またた;onyomi;;46
k_岐;kanji;岐;branch off;;き, ぎ;;onyomi;;39
k_綺;kanji;綺;beautiful;;き;;onyomi;;28
k_頻;kanji;頻;frequent;;ひん;しき;onyomi;;40
k_墓;kanji;墓;grave;;ぼ;はか;onyomi;;31
k_徳;kanji;徳;virtue;;とく;;onyomi;;31
k_富;kanji;富;rich;;ふ;と, とみ;onyomi;;31
k_嬉;kanji;嬉;glad, happy;;き;うれ;onyomi;;40
k_司;kanji;司;director;;し;つかさど;onyomi;;15
k_寿;kanji;寿;lifespan, longevity;;じゅ, す;ことぶき;onyomi;;35
k_江;kanji;江;inlet, bay;;こう;え;kunyomi;;29
k_品;kanji;品;product, article, goods, products;;ひん;しな;onyomi;;16
k_疲;kanji;疲;exhausted;;ひ;つか;onyomi;;45
k_身;kanji;身;somebody, someone, body;;しん;み;onyomi;;8
k_網;kanji;網;netting;;もう;あみ;onyomi;;42
k_埼;kanji;埼;cape;;き;さい;kunyomi;;39
k_恐;kanji;恐;fear;;きょう;おそ, こわ;onyomi;;29
k_撃;kanji;撃;attack;;げき;う;onyomi;;28
k_効;kanji;効;effective;;こう;き;onyomi;;25
k_憶;kanji;憶;recollection;;おく;;onyomi;;48
k_偵;kanji;偵;spy;;てい;;onyomi;;31
k_掲;kanji;掲;display;;けい;かか;onyomi;;37
k_巧;kanji;巧;adept;;こう;うま, たく;onyomi;;50
k_甲;kanji;甲;turtle shell;;こう, かん;か;onyomi;;39
k_適;kanji;適;suitable;;てき;;onyomi;;30
k_複;kanji;複;duplicate;;ふく;;onyomi;;32
k_仙;kanji;仙;hermit;;せん;;onyomi;;39
k_畑;kanji;畑;field;;;はたけ, はた;kunyomi;;41
k_銃;kanji;銃;gun;;じゅう;;onyomi;;39
k_娯;kanji;娯;recreation;;ご;;onyomi;;44
k_淡;kanji;淡;faint;;たん;あわ;onyomi;;49
k_戒;kanji;戒;commandment;;かい;いまし;onyomi;;40
k_響;kanji;響;echo, reverberation, resound;;きょう;ひび;onyomi;;25
k_瀬;kanji;瀬;rapids, shallows;;らい;せ;kunyomi;;41
k_幼;kanji;幼;infancy, childhood;;よう;おさな;onyomi;;28
k_棋;kanji;棋;chess piece;;き;ご;onyomi;;39
k_壊;kanji;壊;break;;かい;こわ;onyomi;;29
k_趣;kanji;趣;gist;;しゅ;おもむき;onyomi;;43
k_摩;kanji;摩;chafe;;ま;さす;onyomi;;43
k_撮;kanji;撮;photograph, photo;;さつ;と;onyomi;;30
k_稲;kanji;稲;rice plant;;;いね, いな;kunyomi;;39
k_誌;kanji;誌;magazine;;し;;onyomi;;33
k_雅;kanji;雅;elegant;;が;みや;onyomi;;40
k_垂;kanji;垂;dangle, drip;;すい;た;onyomi;;33
k_鶴;kanji;鶴;crane;;かく;つる;kunyomi;;49
k_砂;kanji;砂;sand;;さ;すな;onyomi;;33
k_詳;kanji;詳;detailed;;しょう;くわ;onyomi;;17
k_肺;kanji;肺;lung;;はい;;onyomi;;33
k_幅;kanji;幅;width;;ふく;はば;kunyomi;;36
k_郷;kanji;郷;hometown;;きょう;;onyomi;;41
k_講;kanji;講;lecture;;こう;;onyomi;;35
k_冷;kanji;冷;cool, cold;;れい;つめ, ひ, さ;onyomi;;28
k_祉;kanji;祉;welfare;;し;;onyomi;;39
k_廊;kanji;廊;corridor;;ろう;;onyomi;;31
k_汁;kanji;汁;soup;;じゅう;しる;onyomi;;35
k_滅;kanji;滅;destroy;;めつ;ほろ;onyomi;;43
k_弧;kanji;弧;arc;;こ;;onyomi;;42
k_擦;kanji;擦;grate;;さつ;こす, す;onyomi;;43
k_寮;kanji;寮;dormitory;;りょう;;onyomi;;46
k_征;kanji;征;subjugate;;せい;;onyomi;;49
k_脱;kanji;脱;undress;;だつ;ぬ;onyomi;;22
k_絞;kanji;絞;strangle;;こう;し, しぼ;onyomi;;25
k_丈;kanji;丈;height, ten feet;;じょう;たけ;onyomi;;15
k_懲;kanji;懲;chastise;;ちょう;こ;onyomi;;43
k_漫;kanji;漫;manga;;まん;;onyomi;;50
k_捜;kanji;捜;search;;そう;さが;onyomi;;25
k_宣;kanji;宣;proclaim;;せん;のたま;onyomi;;33
k_灰;kanji;灰;ashes;;かい;はい;kunyomi;;33
k_抱;kanji;抱;hug;;ほう;だ, かか, いだ;kunyomi;;37
k_装;kanji;装;attire;;そう, しょう;よそお;onyomi;;33
k_岳;kanji;岳;peak;;がく;たけ;onyomi;;43
k_停;kanji;停;halt;;てい;;onyomi;;23
k_仁;kanji;仁;humanity;;じん;;onyomi;;41
k_隣;kanji;隣;neighbor, neighbour;;りん;となり;onyomi;;40
k_到;kanji;到;arrival;;とう;;onyomi;;42
k_匹;kanji;匹;small animal, small animal counter;;;ひき;kunyomi;;44
k_柳;kanji;柳;willow;;りゅう;やなぎ;onyomi;;47
k_妻;kanji;妻;wife;;さい;つま;onyomi;;20
k_否;kanji;否;no;;ひ;いな, いや;onyomi;;33
k_餓;kanji;餓;starve;;が;う;onyomi;;48
k_厄;kanji;厄;unlucky;;やく;;onyomi;;35
k_噌;kanji;噌;boisterous;;そ;;onyomi;;35
k_賄;kanji;賄;bribe;;わい;まかな;onyomi;;38
k_滑;kanji;滑;slippery;;かつ;すべ, なめ;onyomi;;42
k_超;kanji;超;ultra, super;;ちょう;こ;onyomi;;36
k_納;kanji;納;supply;;のう;おさ, なっ;onyomi;;33
k_群;kanji;群;flock;;ぐん;む, むら;onyomi;;39
k_剣;kanji;剣;sword;;けん;つるぎ;onyomi;;35
k_敷;kanji;敷;spread;;ふ;しき, し;kunyomi;;40
k_核;kanji;核;nucleus;;かく;;onyomi;;36
k_吹;kanji;吹;blow;;すい;ふ;kunyomi;;40
k_包;kanji;包;wrap;;ほう;つつ, くる;onyomi;;41
k_珠;kanji;珠;pearl;;しゅ;たま;onyomi;;49
k_割;kanji;割;divide;;かつ;わり, わ;kunyomi;;23
k_況;kanji;況;condition;;きょう;;onyomi;;25
k_貴;kanji;貴;valuable;;き;とうと;onyomi;;34
k_領;kanji;領;territory;;りょう;;onyomi;;22
k_縁;kanji;縁;edge;;えん, ねん;ふち;onyomi;;44
k_帽;kanji;帽;hat;;ぼう;;onyomi;;47
k_管;kanji;管;pipe;;かん;くだ;onyomi;;24
k_添;kanji;添;append;;てん;そ;onyomi;;29
k_飾;kanji;飾;decorate;;しょく;かざ;onyomi;;30
k_票;kanji;票;ballot;;ひょう;;onyomi;;25
k_免;kanji;免;excuse;;めん;まぬか;onyomi;;39
k_恵;kanji;恵;favor;;え, けい;めぐ;onyomi;;37
k_稚;kanji;稚;immature;;ち;;onyomi;;28
k_犠;kanji;犠;sacrifice;;ぎ;;onyomi;;40
k_沈;kanji;沈;sink;;ちん;しず;onyomi;;43
k_崩;kanji;崩;crumble;;ほう;くず;onyomi;;37
k_佐;kanji;佐;help;;さ;;onyomi;;47
k_述;kanji;述;mention;;じゅつ;の;onyomi;;24
k_渋;kanji;渋;bitter, astringent, reluctant;;じゅう;しぶ;onyomi;;39
k_埋;kanji;埋;bury;;まい;う;kunyomi;;39
k_躍;kanji;躍;leap;;やく;おど;onyomi;;39
k_蛇;kanji;蛇;snake;;じゃ;へび;kunyomi;;48
k_壇;kanji;壇;podium;;だん;;onyomi;;49
k_壮;kanji;壮;robust;;そう;;onyomi;;50
k_筋;kanji;筋;muscle, tendon;;きん;すじ;onyomi;;33
k_購;kanji;購;subscription;;こう;;onyomi;;30
k_暫;kanji;暫;temporarily;;ざん;しばら;onyomi;;42
k_窓;kanji;窓;window;;そう;まど;kunyomi;;33
k_互;kanji;互;mutual;;ご;たが;onyomi;;35
k_慎;kanji;慎;humility;;しん;つつし;onyomi;;39
k_硬;kanji;硬;stiff;;こう;かた;onyomi;;45
k_唇;kanji;唇;lips;;しん;くちびる;kunyomi;;47
k_魔;kanji;魔;devil;;ま;;onyomi;;46
k_裏;kanji;裏;backside, underside, reverse;;り;うら;kunyomi;;33
k_旧;kanji;旧;former;;きゅう;;onyomi;;36
k_盾;kanji;盾;shield;;じゅん;たて;onyomi;;48
k_后;kanji;后;empress;;こう, ご;きさき;onyomi;;50
k_箸;kanji;箸;chopsticks;;ちゃく;はし;kunyomi;;47
k_踏;kanji;踏;step;;とう;ふ;onyomi;;36
k_契;kanji;契;pledge;;けい;;onyomi;;37
k_溶;kanji;溶;melt;;よう;と;onyomi;;48
k_唱;kanji;唱;chant;;しょう;とな;onyomi;;40
k_炊;kanji;炊;cook;;すい;た;onyomi;;47
k_笛;kanji;笛;flute;;てき;ふえ;onyomi;;19
k_蓄;kanji;蓄;amass;;ちく;たくわ;onyomi;;48
k_吸;kanji;吸;suck, inhale;;きゅう;す;onyomi;;22
k_燃;kanji;燃;burn;;ねん;も;onyomi;;24
k_控;kanji;控;abstain;;こう;ひか;kunyomi;;39
k_揮;kanji;揮;brandish;;き;;onyomi;;34
k_蛍;kanji;蛍;firefly;;けい;ほたる;kunyomi;;41
k_暦;kanji;暦;calendar;;れき;こよみ;onyomi;;45
k_繰;kanji;繰;spin;;そう;く;kunyomi;;38
k_侍;kanji;侍;samurai;;;さむらい;kunyomi;;44
k_訳;kanji;訳;translation, reason;;やく;わけ;onyomi;;32
k_杉;kanji;杉;cedar;;;すぎ;kunyomi;;35
k_陰;kanji;陰;shade;;いん;かげ;onyomi;;45
k_為;kanji;為;sake;;い;ため, な, す;onyomi;;35
k_隙;kanji;隙;crevice;;げき;すき;kunyomi;;48
k_脇;kanji;脇;armpit;;きょう;わき;kunyomi;;48
k_輩;kanji;輩;comrade;;はい;;onyomi;;25
k_銭;kanji;銭;coin;;せん;ぜに;onyomi;;32
k_債;kanji;債;debt;;さい;;onyomi;;36
k_択;kanji;択;select;;たく;えら;onyomi;;38
k_勘;kanji;勘;intuition;;かん;;onyomi;;49
k_携;kanji;携;portable;;けい;たずさ;onyomi;;40
k_唐;kanji;唐;china, sudden;;とう;から;onyomi;;50
k_城;kanji;城;castle;;じょう;しろ;kunyomi;;23
k_衝;kanji;衝;collide;;しょう;つ;onyomi;;40
k_途;kanji;途;route;;と;;onyomi;;27
k_板;kanji;板;board;;はん;いた;onyomi;;29
k_破;kanji;破;tear;;は;やぶ;onyomi;;35
k_僚;kanji;僚;colleague;;りょう;;onyomi;;29
k_珍;kanji;珍;rare;;ちん;めずら;onyomi;;43
k_扇;kanji;扇;folding fan;;せん;おうぎ, あお;onyomi;;47
k_竜;kanji;竜;dragon;;りゅう;たつ;onyomi;;44
k_翻;kanji;翻;flip;;ほん;ひるがえ;onyomi;;50
k_策;kanji;策;plan;;さく;;onyomi;;22
k_凍;kanji;凍;frozen;;とう;こお, こご;onyomi;;28
k_興;kanji;興;interest;;きょう, こう;;onyomi;;32
k_状;kanji;状;condition;;じょう;;onyomi;;22
k_片;kanji;片;one sided;;へん;かた;kunyomi;;39
k_維;kanji;維;maintain;;い;;onyomi;;36
k_醤;kanji;醤;soy sauce;;しょう;;onyomi;;35
k_齢;kanji;齢;age;;れい;よわい;onyomi;;38
k_零;kanji;零;zero, spill;;れい;こぼ;onyomi;;46
k_黙;kanji;黙;shut up;;もく;だま;onyomi;;46
k_舞;kanji;舞;dance;;ぶ;まい, ま;onyomi;;36
k_滴;kanji;滴;drip;;てき;したた, しずく;onyomi;;47
k_蚊;kanji;蚊;mosquito;;;か;kunyomi;;48
k_奇;kanji;奇;odd, strange;;き;;onyomi;;28
k_込;kanji;込;crowded;;;こ;kunyomi;;32
k_緒;kanji;緒;together;;しょ;お;onyomi;;38
k_顧;kanji;顧;review;;こ;かえり;onyomi;;40
k_奥;kanji;奥;interior;;おう;おく;kunyomi;;38
k_柱;kanji;柱;pillar;;ちゅう;はしら;onyomi;;40
k_辱;kanji;辱;humiliate;;じょく;はずかし;onyomi;;48
k_叫;kanji;叫;shout;;きょう;さけ;onyomi;;44
k_宴;kanji;宴;banquet;;えん;うたげ;onyomi;;29
k_志;kanji;志;intention;;し;こころざし;onyomi;;32
k_誤;kanji;誤;mistake;;ご;あやま;onyomi;;34
k_扉;kanji;扉;front door;;ひ;とびら;onyomi;;47
k_雷;kanji;雷;thunder;;らい;かみなり;onyomi;;44
k_診;kanji;診;diagnose;;しん;み;onyomi;;29
k_漠;kanji;漠;desert, vague;;ばく;;onyomi;;33
k_嵐;kanji;嵐;storm;;;あらし;kunyomi;;44
k_澄;kanji;澄;lucidity;;ちょう;す;kunyomi;;45
k_賭;kanji;賭;gamble;;;か;kunyomi;;45
k_憎;kanji;憎;hate;;ぞう;にく;onyomi;;47
k_値;kanji;値;value, price;;ち;ね, あたい;onyomi;;22
k_貯;kanji;貯;savings;;ちょ;たくわ;onyomi;;26
k_普;kanji;普;normal;;ふ;;onyomi;;31
k_景;kanji;景;scene;;けい;;onyomi;;25
k_衣;kanji;衣;clothes;;い, え;ころも, きぬ;onyomi;;41
k_詐;kanji;詐;lie;;さ;いつわ;onyomi;;47
k_杯;kanji;杯;cup of liquid, counter for cups;;はい;;onyomi;;29
k_載;kanji;載;publish;;さい;の;onyomi;;24
k_我;kanji;我;i, me;;が;われ, わ;onyomi;;26
k_鍋;kanji;鍋;pot;;か;なべ;kunyomi;;35
k_乏;kanji;乏;scarce;;ぼう;とぼ;onyomi;;30
k_抵;kanji;抵;resist;;てい;;onyomi;;37
k_怪;kanji;怪;suspicious;;かい, け;あや;onyomi;;26
k_拒;kanji;拒;refuse, refusal;;きょ;こば;onyomi;;39
k_宅;kanji;宅;house, home;;たく;;onyomi;;23
k_突;kanji;突;stab, thrust;;とつ;つ;onyomi;;26
k_殿;kanji;殿;milord, lord;;でん;との, どの;onyomi;;40
k_蜜;kanji;蜜;honey;;みつ;;onyomi;;41
k_穫;kanji;穫;harvest;;かく;;onyomi;;48
k_陶;kanji;陶;pottery;;とう;;onyomi;;49
k_弾;kanji;弾;bullet;;だん;ひ, はず, たま;onyomi;;37
k_染;kanji;染;dye;;せん;しみ, そ, し;onyomi;;32
k_鉱;kanji;鉱;mineral;;こう;あらがね;onyomi;;41
k_亀;kanji;亀;turtle;;き;かめ;kunyomi;;35
k_裂;kanji;裂;split, tear;;れつ;さ;onyomi;;43
k_抽;kanji;抽;pluck;;ちゅう;;onyomi;;49
k_掌;kanji;掌;manipulate;;しょう;てのひら;onyomi;;47
k_痛;kanji;痛;pain;;つう;いた;onyomi;;27
k_誘;kanji;誘;invite;;ゆう;さそ;onyomi;;27
k_鑑;kanji;鑑;model;;かん;;onyomi;;31
k_桃;kanji;桃;peach;;とう;もも;kunyomi;;44
k_狂;kanji;狂;lunatic, crazy;;きょう;くる;onyomi;;45
k_墳;kanji;墳;tomb;;ふん;;onyomi;;50
k_規;kanji;規;standard;;き;;onyomi;;23
k_飼;kanji;飼;domesticate;;し;か;kunyomi;;32
k_枠;kanji;枠;frame;;;わく;kunyomi;;39
k_屈;kanji;屈;yield;;くつ;かが;onyomi;;27
k_培;kanji;培;cultivate;;ばい;つちか;onyomi;;48
k_博;kanji;博;exhibition, gambling;;はく, ばく;;onyomi;;28
k_憧;kanji;憧;long for, yearn;;しょう, とう, どう;あこが;kunyomi;;59
k_版;kanji;版;edition;;はん;;onyomi;;30
k_快;kanji;快;pleasant;;かい;こころよ;onyomi;;30
k_封;kanji;封;seal, seal in, closing;;ふう, ほう;;onyomi;;43
k_泰;kanji;泰;peace;;たい;;onyomi;;43
k_胆;kanji;胆;guts;;たん;きも;onyomi;;59
k_遭;kanji;遭;encounter, meet;;そう;あ;onyomi;;52
k_壌;kanji;壌;soil, earth;;じょう;つち;onyomi;;53
k_剰;kanji;剰;surplus;;じょう;あまつさえ, あま;onyomi;;53
k_縫;kanji;縫;sew;;ほう;ぬ;onyomi;;56
k_鼓;kanji;鼓;drum, beat;;こ;つづみ;onyomi;;57
k_貢;kanji;貢;tribute;;こう;みつ;onyomi;;43
k_烏;kanji;烏;crow;;うお;からす;kunyomi;;57
k_陪;kanji;陪;accompany;;ばい;;onyomi;;58
k_旋;kanji;旋;rotation, revolution;;せん;;onyomi;;57
k_遷;kanji;遷;transition;;せん;うつ, みやこがえ;onyomi;;59
k_窒;kanji;窒;suffocate;;ちつ;;onyomi;;56
k_拶;kanji;拶;draw close, be imminent;;さつ;;onyomi;;44
k_煩;kanji;煩;annoy, annoying;;はん, ぼん;うるさ, わずら;onyomi;;60
k_盲;kanji;盲;blind;;もう;めくら;onyomi;;57
k_唆;kanji;唆;instigate;;さ;そそのか, そそ;onyomi;;52
k_俺;kanji;俺;i, me;;;おれ;kunyomi;;44
k_菅;kanji;菅;sedge;;かん, けん;すげ;nanori;;58
k_狩;kanji;狩;hunt;;しゅ;か;kunyomi;;45
k_腸;kanji;腸;intestines;;ちょう;はらわた;onyomi;;57
k_翔;kanji;翔;fly;;しょう;かけ, と;kunyomi;;45
k_猶;kanji;猶;still, yet;;ゆう, ゆ;なお;onyomi;;56
k_燥;kanji;燥;dry up;;そう;はしゃ;onyomi;;51
k_啓;kanji;啓;enlighten;;けい;さと, ひら;onyomi;;53
k_拙;kanji;拙;clumsy, unskillful;;せつ;つたな;onyomi;;59
k_劾;kanji;劾;censure;;がい;;onyomi;;60
k_鈍;kanji;鈍;dull;;どん;にぶ, のろ;onyomi;;46
k_覇;kanji;覇;leadership;;は, はく;はたがしら;onyomi;;52
k_紋;kanji;紋;family crest;;もん;;onyomi;;54
k_架;kanji;架;shelf;;か;か;onyomi;;46
k_恒;kanji;恒;constant, always;;こう;つね, つねに;onyomi;;52
k_恭;kanji;恭;respect;;きょう;うやうや;kunyomi;;56
k_戯;kanji;戯;play;;ぎ, げ;ざ, じゃ, たわむ;onyomi;;58
k_塀;kanji;塀;fence;;へい;;onyomi;;47
k_甘;kanji;甘;sweet;;かん;あま;kunyomi;;36
k_累;kanji;累;accumulate;;るい;;onyomi;;55
k_遍;kanji;遍;universal;;へん;あまね;onyomi;;57
k_亮;kanji;亮;clear;;りょう;あきらか;onyomi;;51
k_疾;kanji;疾;rapidly, rapid;;しつ;はや;onyomi;;54
k_粗;kanji;粗;coarse, rough;;そ;あら;onyomi;;55
k_漆;kanji;漆;lacquer, varnish;;しつ;うるし;onyomi;;59
k_宜;kanji;宜;best regards;;ぎ;よろ;kunyomi;;38
k_勲;kanji;勲;merit;;くん;いさお;onyomi;;54
k_浪;kanji;浪;wander;;ろう;;onyomi;;59
k_茎;kanji;茎;stem;;きょう, けい;くき;kunyomi;;54
k_庸;kanji;庸;common;;よう;;onyomi;;56
k_洞;kanji;洞;cave;;どう;ほら;onyomi;;50
k_遼;kanji;遼;distant;;りょう;;onyomi;;55
k_噴;kanji;噴;erupt;;ふん;ふ;onyomi;;52
k_礁;kanji;礁;reef;;しょう;;onyomi;;59
k_肖;kanji;肖;resemblance;;しょう;あやか;onyomi;;58
k_酪;kanji;酪;dairy;;らく;;onyomi;;59
k_縛;kanji;縛;bind, restrain;;ばく;しば;onyomi;;56
k_慕;kanji;慕;yearn for, adore;;ぼ;した;onyomi;;60
k_佳;kanji;佳;excellent, skilled;;か;;onyomi;;55
k_桟;kanji;桟;jetty, pier;;さん, せん;かけはし;onyomi;;60
k_漣;kanji;漣;ripples;;れん, らん;さざなみ;onyomi;;58
k_凌;kanji;凌;endure;;りょう;しの;kunyomi;;58
k_玄;kanji;玄;mysterious;;げん;くろ;onyomi;;51
k_怠;kanji;怠;lazy, neglect;;たい;おこた, なま;onyomi;;52
k_之;kanji;之;this;;し;これ, の;kunyomi;;55
k_茨;kanji;茨;briar, thorn;;し, じ;いばら;kunyomi;;52
k_丹;kanji;丹;rust colored, red;;たん;に;onyomi;;53
k_紡;kanji;紡;spinning, spin;;ぼう;つむ;onyomi;;59
k_惰;kanji;惰;lazy;;だ;;onyomi;;52
k_碑;kanji;碑;tombstone;;ひ;いしぶみ;onyomi;;56
k_卑;kanji;卑;lowly, base;;ひ;いや;onyomi;;59
k_拍;kanji;拍;beat;;はく, ひょう;;onyomi;;56
k_杏;kanji;杏;apricot;;あん, きょう, こう;あんず;kunyomi;;54
k_酵;kanji;酵;fermentation, ferment;;こう;;onyomi;;57
k_譜;kanji;譜;genealogy, score;;ふ;;onyomi;;58
k_峠;kanji;峠;peak;;;とうげ;kunyomi;;59
k_逝;kanji;逝;die;;せい;い, ゆ;onyomi;;60
k_迭;kanji;迭;alternate;;てつ;;onyomi;;58
k_邸;kanji;邸;residence;;てい;やしき;onyomi;;51
k_殉;kanji;殉;martyr;;じゅん;;onyomi;;60
k_婿;kanji;婿;groom;;せい;むこ;kunyomi;;60
k_汰;kanji;汰;select;;た, たい;おご, にご, よな;onyomi;;59
k_颯;kanji;颯;quick, sudden;;さつ, そう;さっ;onyomi;;52
k_弦;kanji;弦;chord, bowstring;;げん;つる;onyomi;;56
k_憂;kanji;憂;grief;;ゆう;う, うれ;onyomi;;55
k_瑛;kanji;瑛;crystal;;えい;;onyomi;;55
k_挟;kanji;挟;between;;きょう, しょう;はさ;kunyomi;;51
k_郊;kanji;郊;suburbs;;こう;;onyomi;;51
k_朽;kanji;朽;rot, decay;;きゅう;く;onyomi;;58
k_智;kanji;智;wisdom;;ち;;onyomi;;56
k_萌;kanji;萌;sprout;;ほう;きざ, めばえ, も;onyomi;;57
k_伐;kanji;伐;fell, attack;;ばつ;う, き, そむ;onyomi;;57
k_璃;kanji;璃;glassy;;り;;onyomi;;58
k_鋳;kanji;鋳;cast, casting;;ちゅう;い;onyomi;;59
k_痢;kanji;痢;diarrhea, diarrhoea;;り;;onyomi;;60
k_拷;kanji;拷;torture;;ごう;;onyomi;;60
k_賢;kanji;賢;clever;;けん;かしこ;onyomi;;48
k_篤;kanji;篤;deliberate;;とく;あつ;onyomi;;59
k_錠;kanji;錠;lock;;じょう;;onyomi;;58
k_緋;kanji;緋;scarlet;;ひ;あか, あけ;onyomi;;53
k_叔;kanji;叔;uncle, aunt;;しゅく;;nanori;;59
k_龍;kanji;龍;imperial, dragon;;りゅう, りょう, ろう;たつ;onyomi;;55
k_吟;kanji;吟;recital;;ぎん;;onyomi;;59
k_曹;kanji;曹;official;;そう, ぞう;つかさ, ともがら, へや;onyomi;;59
k_挨;kanji;挨;push open;;あい;;onyomi;;44
k_坑;kanji;坑;pit, hole;;こう;;onyomi;;60
k_亜;kanji;亜;asia;;あ;つ;onyomi;;59
k_艇;kanji;艇;rowboat;;てい;;onyomi;;53
k_膜;kanji;膜;membrane;;まく;;onyomi;;57
k_栃;kanji;栃;horse chestnut;;;とち;kunyomi;;55
k_倹;kanji;倹;thrifty, frugal;;けん;つづまやか, つま;onyomi;;60
k_舶;kanji;舶;ship;;はく;;onyomi;;56
k_搭;kanji;搭;board, embark;;とう;;onyomi;;53
k_慶;kanji;慶;congratulate;;けい;よろこ;onyomi;;59
k_没;kanji;没;die;;ぼつ, もつ;おぼ, しず, ない;onyomi;;52
k_倫;kanji;倫;ethics;;りん;;onyomi;;52
k_陳;kanji;陳;exhibit;;ちん;ひ;onyomi;;52
k_殊;kanji;殊;especially;;しゅ;こと;onyomi;;52
k_猟;kanji;猟;hunting;;りょう, れふ;かり, か;onyomi;;52
k_渓;kanji;渓;valley;;けい;たに, たにがわ;onyomi;;60
k_紺;kanji;紺;navy, dark blue;;こん;;onyomi;;57
k_乙;kanji;乙;latter, b;;おつ, いつ;おと, きのと;onyomi;;57
k_寛;kanji;寛;tolerance;;かん;くつろ;onyomi;;53
k_鎌;kanji;鎌;sickle, scythe;;けん, れん;かま;kunyomi;;54
k_欄;kanji;欄;column, space;;らん;てすり;onyomi;;54
k_朴;kanji;朴;simple, crude;;ぼく;えのき, ほう, ほお;onyomi;;55
k_哉;kanji;哉;question mark, ?;;さい;や, かな;kunyomi;;57
k_扶;kanji;扶;aid;;ふ;たす;onyomi;;58
k_胞;kanji;胞;cell, placenta;;ほう;;onyomi;;53
k_傍;kanji;傍;nearby, side;;ぼう;かたわ, わき, おか, はた, そば;onyomi;;55
k_粛;kanji;粛;solemn;;しゅく, すく;つつし;onyomi;;54
k_矯;kanji;矯;correct, straighten;;きょう;た;onyomi;;60
k_謡;kanji;謡;noh chanting, noh chant;;よう;うた;onyomi;;54
k_尉;kanji;尉;military officer, military rank;;い, じょう;;onyomi;;56
k_賠;kanji;賠;compensation, compensate;;ばい;;onyomi;;52
k_惜;kanji;惜;frugal;;せき;お;onyomi;;55
k_哺;kanji;哺;nurse, suckle;;ほ;ほぐく, ふく;onyomi;;54
k_藩;kanji;藩;fiefdom;;はん;;onyomi;;58
k_廉;kanji;廉;bargain;;れん;;onyomi;;60
k_閲;kanji;閲;inspection;;えつ;けみ;onyomi;;57
k_椎;kanji;椎;oak, oak tree;;つい, すい;う, つち;onyomi;;58
k_賊;kanji;賊;robber;;ぞく;;onyomi;;57
k_睦;kanji;睦;friendly;;ぼく, もく;むつ;onyomi;;59
k_楓;kanji;楓;maple;;ふう;かえで;kunyomi;;57
k_膨;kanji;膨;swell;;ぼう;ふく;onyomi;;52
k_葵;kanji;葵;hollyhock;;き;あおい;kunyomi;;53
k_窃;kanji;窃;steal;;せつ;ぬす, ひそ;onyomi;;58
k_岬;kanji;岬;cape;;こう;みさき;kunyomi;;59
k_慨;kanji;慨;sigh;;がい;;onyomi;;58
k_某;kanji;某;certain, one, that person;;ぼう;それがし, なにがし;onyomi;;60
k_羅;kanji;羅;spread out, arrange;;ら;うすもの;onyomi;;57
k_醸;kanji;醸;brew;;じょう;かも;onyomi;;57
k_寡;kanji;寡;widow;;か;;onyomi;;60
k_梓;kanji;梓;wood block;;し;あずさ;kunyomi;;59
k_濁;kanji;濁;muddy, impure;;だく, じょく;にご;onyomi;;58
k_狐;kanji;狐;fox;;こ;きつね;kunyomi;;60
k_庶;kanji;庶;all, bastard;;しょ;;onyomi;;54
k_殻;kanji;殻;husk, shell;;かく, こく, ばい;から, がら;onyomi;;58
k_剖;kanji;剖;divide;;ぼう;;onyomi;;58
k_媒;kanji;媒;mediator;;ばい;なこうど;onyomi;;58
k_罷;kanji;罷;quit, leave;;ひ;や;onyomi;;60
k_蔑;kanji;蔑;scorn, neglect;;べつ;さげす;onyomi;;59
k_憾;kanji;憾;remorse, regret;;かん;うら;onyomi;;55
k_弔;kanji;弔;condolence;;ちょう;とぶら, とむら;onyomi;;57
k_奉;kanji;奉;dedicate;;ほう, ぶ;たてまつ, まつ, ほう;onyomi;;55
k_羨;kanji;羨;envy, jealousy;;せん;うらや;onyomi;;21
k_雌;kanji;雌;female;;し;めす, め, めん;kunyomi;;59
k_奔;kanji;奔;run, bustle;;ほん;はし;onyomi;;58
k_愉;kanji;愉;pleasant;;ゆ;たの;onyomi;;55
k_賓;kanji;賓;vip, guest;;ひん;;onyomi;;55
k_肪;kanji;肪;obese, fat;;ぼう;;onyomi;;51
k_且;kanji;且;also;;しょ, しょう, そ;か;kunyomi;;54
k_忌;kanji;忌;mourning;;き;い;onyomi;;59
k_悼;kanji;悼;grieve, mourn;;とう;いた;onyomi;;55
k_栓;kanji;栓;cork, plug;;せん;;onyomi;;55
k_蒙;kanji;蒙;darkness;;もう, ぼう;おお, くら, こうむ;onyomi;;53
k_膝;kanji;膝;knee;;;ひざ;kunyomi;;38
k_崇;kanji;崇;worship, revere;;すう;あが;onyomi;;59
k_舗;kanji;舗;shop, store;;ほ;;onyomi;;53
k_准;kanji;准;semi;;じゅん;;onyomi;;53
k_坪;kanji;坪;two mat area;;へい;つぼ;kunyomi;;57
k_旦;kanji;旦;dawn;;たん, だん;あきら, あき, あさ, あした, ただし;onyomi;;55
k_飽;kanji;飽;bored, sated;;ほう;あ;onyomi;;56
k_擬;kanji;擬;imitate;;ぎ;まが, もど;onyomi;;59
k_呆;kanji;呆;shock;;ほう;あき, おろか, ほけ, ぼ;onyomi;;54
k_祥;kanji;祥;auspicious;;しょう;きざ, さいわ, つまび, よ;onyomi;;52
k_悠;kanji;悠;leisure;;ゆう;;onyomi;;54
k_串;kanji;串;skewer, spit;;;くし;kunyomi;;37
k_嘘;kanji;嘘;lie;;;うそ;kunyomi;;41
k_乱;kanji;乱;riot;;らん;みだ;onyomi;;19
k_眉;kanji;眉;eyebrows;;み;まゆ;onyomi;;37
k_匂;kanji;匂;scent, fragrance;;;にお;kunyomi;;30
k_叩;kanji;叩;strike, beat;;こう;たた;onyomi;;18
k_諦;kanji;諦;give up, abandon;;てい;あきら;onyomi;;22
k_凄;kanji;凄;amazing, wonderful, terrible, awful;;せい;すご;onyomi;;41
k_噂;kanji;噂;rumor, gossip;;そん;うわさ;kunyomi;;33
k_袖;kanji;袖;sleeve;;しゅう;そで;onyomi;;22
k_濡;kanji;濡;wet, damp;;;ぬ;kunyomi;;30
k_喉;kanji;喉;throat;;こう;のど;onyomi;;18
k_飴;kanji;飴;candy;;;あめ;kunyomi;;18
k_捉;kanji;捉;catch;;そく;とら;kunyomi;;25
k_痩;kanji;痩;thin;;そう;や;onyomi;;34